Num_Appliances,AC_Hours_Per_Day,Num_People,TV_Hours_Per_Day,Lights_Hours_Per_Day,Num_Refrigerators,Has_Washing_Machine,Monthly_Bill_PHP
9,6.7,4,5.2,8.3,1,0,1771.62
6,8.6,5,1.6,5.6,1,1,1751.5
13,2.7,3,2.5,6.1,1,1,1677.2
10,12.0,7,1.8,11.7,3,1,2463.69
7,11.7,4,0.6,3.1,1,1,1918.25
9,7.8,1,6.6,4.7,3,0,1895.97
12,2.4,7,2.0,6.9,1,0,1610.62
5,8.2,4,3.8,10.4,3,1,1943.58
9,0.9,6,0.3,3.6,1,1,1439.33
13,0.4,5,5.6,4.8,1,1,1628.03
13,3.1,2,2.6,2.7,2,1,1718.43
10,5.6,1,6.0,9.1,2,0,1773.74
7,10.4,7,3.3,4.4,1,0,1833.15
6,8.7,7,1.6,5.9,1,1,1833.96
10,8.9,3,4.1,6.4,1,1,1957.12
10,5.1,5,1.0,10.9,1,0,1658.52
5,4.2,2,3.5,6.1,2,0,1449.79
8,4.5,4,2.5,3.5,3,0,1643.46
7,11.9,2,7.3,7.2,1,0,1875.47
4,0.5,5,0.5,11.6,2,1,1263.1
10,10.4,5,5.6,8.1,1,0,2047.21
14,6.9,6,1.5,11.8,1,0,1989.93
8,5.3,6,2.6,10.4,3,0,1868.27
4,8.7,2,3.3,2.4,1,1,1561.95
14,5.8,4,7.3,8.6,1,1,2045.55
7,10.5,2,1.9,4.9,3,0,1860.44
3,10.8,5,0.7,7.6,3,0,1861.4
14,5.1,5,2.5,4.8,3,1,2116.07
12,3.3,3,0.8,5.5,3,1,1866.08
8,7.1,6,1.0,11.2,2,0,1821.95
14,10.9,3,4.6,4.1,2,1,2346.87
11,2.5,1,0.5,10.7,2,0,1523.78
3,7.5,5,0.2,2.3,1,1,1521.41
13,7.6,3,5.7,2.9,3,0,2038.1
13,8.8,2,2.9,10.5,3,0,2145.4
12,1.6,6,1.0,8.3,2,1,1760.68
14,8.6,6,2.0,9.5,1,0,2092.29
14,10.9,4,5.1,4.1,1,1,2250.83
5,2.2,2,2.2,7.4,1,1,1201.79
14,2.9,4,4.0,9.4,2,1,1966.25
9,11.7,3,1.0,8.3,1,0,1932.55
6,2.2,7,4.7,6.7,1,0,1361.7
11,10.3,1,2.5,11.6,1,0,1943.73
5,5.9,2,5.0,8.8,3,1,1772.64
7,3.0,2,6.5,11.1,2,0,1518.53
5,10.4,2,4.9,9.3,3,0,1862.05
9,5.3,4,2.4,9.4,3,0,1767.04
7,6.2,3,2.0,2.8,2,0,1525.16
11,4.3,2,2.6,5.6,3,1,1852.83
9,7.1,7,1.3,10.6,1,0,1830.97
4,2.0,2,1.4,4.3,1,1,1240.51
6,4.7,6,6.3,3.2,1,1,1574.57
11,11.6,1,3.1,5.3,1,1,2053.82
14,3.1,6,3.5,4.2,2,1,1881.57
4,7.9,6,4.8,11.3,3,0,1873.9
12,3.9,1,4.7,10.7,3,0,1824.01
11,9.3,7,0.5,7.0,1,0,2024.26
12,1.6,3,6.7,2.6,1,1,1608.46
7,11.6,6,1.4,9.1,3,0,2068.0
4,5.4,3,5.8,8.2,2,1,1610.3
6,2.8,6,6.2,11.7,3,0,1683.1
14,0.9,5,5.7,7.6,1,0,1612.65
14,2.0,1,4.6,5.4,1,0,1514.65
9,6.2,6,0.1,7.2,2,1,1836.89
14,4.0,5,2.9,11.8,3,0,1990.42
10,9.9,4,4.8,9.0,2,1,2205.77
5,5.2,5,3.1,8.7,2,1,1692.6
3,3.0,2,6.9,4.4,1,1,1230.14
6,7.4,6,2.5,9.4,3,0,1830.65
4,8.5,5,2.3,9.5,1,0,1612.11
10,2.0,3,2.1,5.2,3,1,1672.0
6,2.0,4,2.7,6.8,1,1,1350.31
4,0.4,7,4.5,4.9,1,1,1313.09
8,8.8,6,5.7,4.6,3,1,2144.74
8,8.0,2,5.3,2.3,3,1,1845.7
12,5.7,7,6.5,4.9,1,0,1875.65
6,10.1,5,7.1,7.5,3,0,2020.79
8,9.7,7,6.5,2.0,1,0,1938.35
4,7.0,7,0.2,4.8,3,1,1817.08
12,10.4,4,5.9,10.8,1,1,2199.64
14,2.5,7,1.7,7.9,1,0,1753.55
4,1.3,7,1.1,8.1,1,0,1207.78
12,3.2,6,5.1,6.0,2,1,1909.59
6,0.7,4,2.6,8.8,3,1,1475.99
10,6.4,2,0.5,3.9,1,1,1667.95
9,11.2,5,1.1,10.2,2,0,2108.71
14,0.5,4,0.0,3.2,1,1,1551.77
11,1.5,4,7.2,8.6,2,1,1756.53
10,5.4,1,0.2,5.4,1,1,1573.02
7,11.2,4,1.7,9.5,1,0,1893.17
4,3.8,1,3.3,7.5,2,1,1353.98
7,6.1,5,2.9,6.5,2,0,1642.14
10,0.5,7,7.3,3.7,3,1,1750.65
12,1.8,6,0.3,8.4,3,1,1860.22
11,11.8,6,4.1,11.7,2,0,2342.59
14,11.6,5,5.4,10.3,3,1,2601.94
14,0.1,5,7.5,2.6,2,0,1625.12
14,11.4,3,5.0,5.8,3,1,2517.69
11,7.7,7,6.4,11.3,1,0,2056.34
3,10.4,5,0.7,7.0,3,1,1928.93
11,5.5,4,3.1,8.6,1,0,1708.29
9,6.2,6,3.0,11.1,1,0,1784.27
11,5.9,2,7.1,10.7,3,1,2073.06
10,8.0,6,1.2,7.0,2,0,1911.16
3,1.7,1,1.2,6.4,1,1,1070.99
14,0.4,6,2.6,5.4,1,0,1535.0
10,3.7,3,0.4,9.2,3,1,1750.26
10,8.5,7,1.5,4.9,2,1,2081.9
13,2.4,5,7.7,4.5,2,1,1931.23
5,8.1,7,3.4,5.6,3,1,1943.38
3,11.6,5,5.1,3.8,2,0,1848.49
10,1.1,6,5.8,9.0,3,1,1804.43
5,8.1,2,2.9,8.2,3,1,1768.0
5,5.3,2,1.2,6.8,3,1,1622.6
3,10.4,3,1.7,5.9,1,1,1724.26
13,2.1,1,2.5,11.1,1,1,1608.53
7,8.3,6,5.1,2.3,1,0,1685.3
12,10.1,5,3.2,9.7,3,1,2398.65
9,11.3,6,0.1,11.0,1,0,1989.1
12,8.2,3,4.2,6.5,1,0,1896.7
11,6.0,4,7.4,7.5,1,1,1962.74
14,7.4,4,6.5,11.4,3,1,2367.72
9,10.4,3,6.6,4.1,3,0,2096.29
11,6.8,5,6.4,7.2,3,0,2074.1
10,0.4,7,2.6,6.7,1,0,1465.9
14,11.2,3,6.1,4.6,2,1,2373.36
4,8.3,5,1.1,10.2,1,0,1608.57
3,8.1,2,5.3,11.0,1,0,1513.33
9,2.6,3,5.1,9.8,3,1,1777.14
9,7.9,5,0.2,4.0,3,0,1967.15
10,4.7,3,6.3,2.9,1,1,1702.45
7,7.8,3,7.2,8.1,1,0,1659.87
5,1.3,7,2.1,2.6,2,1,1411.08
14,7.9,7,6.5,8.7,2,0,2241.08
10,12.0,5,0.7,7.3,3,1,2327.26
8,0.6,5,4.8,8.6,2,1,1589.2
13,11.7,1,3.9,7.9,2,0,2200.92
5,4.9,3,4.4,6.2,3,1,1664.43
3,10.4,4,7.4,4.0,2,0,1718.44
5,9.4,3,7.0,5.1,1,1,1794.17
7,6.8,3,6.3,7.2,2,1,1811.5
5,8.9,5,2.2,8.5,3,1,1971.91
3,10.5,3,7.3,9.8,1,1,1825.37
7,4.8,6,0.8,9.7,2,1,1780.29
12,3.9,3,6.8,11.7,1,1,1860.04
9,8.0,6,2.6,4.9,1,1,1894.39
9,9.7,7,0.4,2.7,2,0,1910.03
13,9.1,4,5.4,5.5,2,0,2112.76
11,9.6,5,1.9,9.4,3,1,2281.67
12,5.2,3,1.9,6.4,3,1,1950.13
12,9.8,6,2.4,10.2,1,1,2236.86
14,1.4,6,0.5,7.5,3,0,1751.52
5,6.5,7,1.4,11.3,1,1,1707.92
9,0.1,6,0.0,11.5,1,0,1350.59
3,3.9,2,3.6,2.7,3,1,1409.41
6,4.4,1,0.7,6.6,3,1,1540.1
6,4.8,4,5.5,8.1,3,1,1782.39
7,8.3,7,1.9,4.6,2,1,1967.98
9,4.7,7,7.5,6.1,1,1,1847.18
9,5.4,3,7.0,8.8,1,0,1596.51
13,2.9,2,2.3,4.3,1,1,1613.92
6,4.5,3,6.3,8.0,3,0,1639.27
9,2.7,3,6.4,9.0,3,0,1688.08
13,0.9,5,7.9,2.9,3,1,1905.54
5,7.2,5,4.8,7.0,3,1,1925.44
8,8.0,5,0.7,4.6,3,1,1976.35
14,7.4,2,5.2,9.2,2,0,2035.89
4,5.6,3,5.0,3.9,3,0,1497.38
12,4.6,1,5.1,10.9,1,0,1598.36
11,10.4,4,2.5,6.3,3,1,2227.07
7,6.2,5,6.9,4.0,1,0,1603.14
8,5.8,5,7.7,6.4,3,0,1827.61
14,0.3,7,1.7,6.1,3,0,1758.01
14,4.1,3,0.7,6.3,1,1,1765.34
14,4.6,3,1.6,7.9,1,0,1752.73
14,4.8,2,6.6,7.2,1,0,1754.13
6,7.0,2,5.4,3.5,1,1,1613.42
13,6.4,5,5.1,2.7,2,1,2055.61
12,7.3,3,3.2,9.3,1,1,1932.0
9,9.2,1,4.6,7.6,3,0,1914.17
14,9.8,4,2.5,5.6,3,0,2178.66
11,8.6,3,3.8,10.1,2,0,2008.05
9,11.5,7,6.3,5.9,1,1,2276.27
3,0.2,3,7.8,10.0,3,0,1274.38
3,2.3,6,7.5,5.1,2,1,1480.07
11,0.1,2,7.5,2.7,3,1,1619.52
13,7.8,7,3.2,11.3,2,0,2146.6
11,10.8,4,3.8,5.9,2,0,2123.35
6,2.9,5,5.6,9.9,1,0,1438.17
11,11.1,7,7.4,4.8,2,1,2309.44
5,0.7,3,1.1,8.5,3,1,1352.76
9,11.2,5,2.4,10.7,3,0,2132.01
8,4.2,3,1.1,2.4,1,1,1522.26
10,1.2,5,4.9,10.3,1,0,1493.65
13,5.8,4,2.5,7.7,2,0,1897.62
11,3.1,2,2.6,8.1,1,0,1474.4
7,3.4,4,0.6,7.2,3,1,1679.28
3,3.7,6,2.8,10.7,3,1,1661.62
5,9.6,1,6.9,2.4,1,0,1572.54
12,6.5,2,1.9,4.6,1,0,1730.94
14,3.7,4,5.6,10.8,1,1,1937.96
10,7.3,6,5.0,9.5,2,0,1938.2
13,8.6,1,6.9,2.2,2,1,2089.6
8,3.3,6,1.1,7.2,3,0,1659.72
10,5.0,3,7.8,7.3,2,1,1879.0
11,1.5,3,4.7,6.0,2,0,1514.26
6,2.2,5,8.0,5.0,2,1,1633.93
3,8.2,2,7.3,8.8,2,0,1578.42
3,2.2,3,1.8,4.1,3,1,1260.69
12,6.3,7,0.4,10.0,1,1,2048.77
6,8.5,6,2.0,10.0,3,1,1999.22
14,1.3,2,4.2,6.2,2,1,1719.4
9,6.8,7,1.4,4.8,1,0,1719.48
4,3.1,3,1.3,4.8,1,1,1298.95
5,11.6,5,3.7,6.8,1,1,1997.25
3,5.8,4,0.3,9.2,3,0,1470.03
7,9.7,5,1.0,5.6,1,1,1907.91
3,6.6,7,3.3,8.1,3,0,1742.75
10,0.5,1,0.5,5.8,3,1,1484.18
3,7.6,3,3.2,5.0,2,1,1641.58
13,11.4,7,3.8,2.2,2,1,2439.78
3,7.2,1,3.6,2.0,1,1,1393.23
4,9.8,1,7.0,4.3,1,1,1685.87
4,10.6,6,4.2,6.1,2,1,1992.48
14,2.7,2,3.7,10.5,3,0,1775.74
8,2.5,6,3.3,10.0,3,0,1658.79
9,7.3,3,6.5,4.7,2,1,1885.39
7,4.9,1,7.2,4.4,3,1,1759.11
3,10.1,7,6.8,4.3,2,0,1829.03
3,10.8,4,5.4,5.4,2,0,1773.29
5,4.2,1,1.1,7.0,1,1,1319.25
4,2.8,7,2.2,6.4,1,1,1410.9
7,9.4,4,0.4,4.2,2,1,1882.93
14,3.3,6,7.4,3.3,1,1,1898.88
12,9.9,6,5.3,2.1,2,1,2258.65
8,5.1,2,6.0,3.5,3,1,1769.82
9,8.0,7,2.5,9.1,3,0,2041.5
6,1.1,1,6.8,4.4,3,1,1447.93
9,7.5,5,2.1,6.7,3,1,2024.79
13,5.4,6,0.0,7.9,2,0,1942.13
10,7.0,6,3.0,10.9,3,0,2053.67
13,2.0,2,4.6,10.9,3,0,1718.12
3,8.8,4,3.8,9.5,3,0,1771.93
8,10.4,2,6.9,2.4,3,1,2076.32
10,2.6,1,0.8,7.8,2,0,1433.07
7,1.1,7,4.4,9.9,3,0,1572.06
6,0.3,3,4.1,2.2,1,1,1137.37
4,7.7,3,2.3,7.5,1,0,1467.75
8,7.3,7,6.6,10.6,1,0,1835.97
8,6.6,4,6.0,6.7,1,1,1806.99
13,2.8,6,5.9,2.0,1,1,1808.44
3,4.7,4,7.0,2.1,1,1,1400.08
11,7.1,6,5.8,6.2,2,1,2164.57
14,6.0,6,1.9,3.6,1,1,1950.22
13,11.9,3,5.6,8.6,3,1,2479.27
8,1.6,4,2.5,9.1,1,1,1426.58
5,8.3,2,1.9,3.8,2,0,1614.04
6,4.9,6,0.6,10.9,1,0,1546.17
14,5.1,5,6.0,6.4,3,1,2143.14
13,8.6,5,5.7,3.4,3,0,2164.63
6,8.3,2,1.9,9.6,2,1,1763.65
5,11.9,5,6.0,9.9,2,0,2004.28
12,1.5,1,7.3,8.4,2,1,1665.92
5,1.2,6,0.9,10.5,2,0,1311.03
5,8.7,2,1.9,9.4,1,1,1704.15
6,6.9,4,6.0,10.8,1,0,1710.01
9,3.3,6,2.2,6.3,3,1,1771.87
6,1.0,2,5.0,9.5,2,0,1252.77
11,1.0,3,0.6,12.0,2,0,1501.21
3,10.7,4,3.6,9.2,1,1,1754.79
10,2.3,3,5.9,3.1,2,0,1523.58
9,3.9,6,5.5,7.2,3,0,1820.6
4,2.7,4,6.5,7.9,3,0,1484.82
10,4.3,5,7.0,3.7,2,0,1748.76
3,0.8,2,6.2,11.6,3,0,1257.74
13,6.2,6,5.4,3.8,3,1,2194.35
14,0.8,1,0.3,3.8,1,1,1438.61
11,9.6,4,4.3,11.2,3,0,2206.73
11,2.8,4,0.3,6.7,2,1,1736.9
4,6.5,7,6.5,2.6,2,0,1657.07
9,10.6,6,2.6,8.0,3,1,2262.95
12,7.8,6,4.5,8.0,2,0,2104.84
5,6.4,3,2.2,2.6,1,0,1445.77
9,3.9,7,6.3,11.7,3,0,1915.09
14,4.0,5,7.1,7.4,3,0,2048.23
12,8.0,3,3.2,7.6,3,1,2184.13
11,11.9,7,6.9,7.2,2,1,2416.47
6,7.9,3,2.1,8.1,2,1,1771.67
14,6.7,5,4.3,4.6,3,0,2094.18
3,8.8,7,6.9,4.9,2,1,1916.05
4,5.6,7,2.6,7.1,2,1,1714.55
3,0.7,1,7.6,10.1,3,0,1236.38
14,6.7,3,1.0,2.5,3,0,1937.78
7,11.5,3,0.1,8.0,2,0,1837.2
7,2.1,4,7.2,10.1,3,1,1721.34
13,8.3,5,0.5,3.6,3,1,2171.56
9,2.4,2,7.9,2.2,3,0,1525.24
11,6.4,1,7.6,5.1,3,1,2029.79
11,1.2,7,1.1,7.9,2,0,1631.26
5,5.4,7,4.3,3.4,3,1,1787.54
5,9.1,7,1.5,6.3,1,0,1661.53
5,4.2,1,3.4,7.5,3,1,1528.43
6,8.0,7,0.5,8.0,1,1,1839.8
10,9.5,7,1.8,4.7,3,1,2257.83
8,11.1,5,2.9,6.0,1,0,1901.05
10,2.8,6,3.5,9.8,1,0,1600.36
3,4.8,6,7.8,11.4,3,0,1617.96
10,1.8,4,6.5,10.6,3,1,1767.68
6,11.9,4,5.9,7.6,3,0,2150.71
13,11.1,7,4.3,6.1,1,1,2371.8
3,6.5,5,6.7,5.3,2,0,1564.25
10,10.1,7,2.7,3.2,2,0,2056.09
6,6.3,4,5.7,3.1,3,1,1764.94
8,7.5,1,8.0,8.9,2,1,1925.6
10,1.1,1,2.5,4.6,2,0,1297.09
6,9.1,2,5.4,4.5,3,0,1828.33
5,1.5,6,6.8,12.0,1,1,1505.36
11,9.9,5,7.3,3.9,3,1,2330.64
5,9.4,3,5.7,3.5,2,0,1679.53
11,8.5,6,2.3,3.0,1,1,1963.73
4,0.4,3,2.6,7.8,2,0,1141.1
4,3.6,2,0.2,8.3,1,0,1161.58
4,3.2,2,6.1,5.7,2,0,1301.62
8,4.3,7,0.3,7.4,3,1,1855.78
5,1.1,4,6.9,9.9,2,0,1295.9
11,11.2,2,0.9,10.2,2,0,2086.05
6,6.6,2,1.4,11.6,1,1,1599.72
3,3.7,3,3.8,10.2,2,1,1487.89
6,4.8,4,5.9,7.6,3,1,1725.15
3,5.4,2,1.1,3.8,3,0,1381.47
7,7.2,6,3.5,3.0,3,1,1962.79
6,6.2,2,3.9,2.5,1,1,1477.62
10,11.0,4,1.7,8.7,1,0,1955.82
10,6.0,7,0.9,10.1,2,0,1840.61
9,11.9,5,6.7,7.1,2,0,2205.7
5,10.2,4,4.0,2.5,2,0,1768.27
3,2.5,3,0.1,7.4,1,1,1238.57
3,11.2,5,6.4,11.4,1,0,1830.09
14,1.4,6,7.8,8.0,2,1,1982.37
13,9.8,1,4.8,10.1,1,0,2040.76
5,4.6,4,4.0,10.0,1,0,1439.63
8,10.5,7,7.0,11.3,3,1,2375.07
9,10.4,3,7.6,9.7,3,1,2260.09
8,9.7,6,6.0,9.5,2,1,2171.61
8,9.5,5,3.6,4.3,2,0,1925.3
8,3.7,6,4.7,2.6,3,0,1654.82
5,1.0,4,5.6,7.2,1,1,1341.76
8,4.8,2,1.6,3.2,2,1,1594.88
10,2.1,7,3.6,11.6,2,0,1667.4
13,8.3,4,6.6,4.9,2,1,2218.71
13,4.2,1,5.2,10.5,1,1,1805.86
4,11.7,4,3.3,5.9,3,0,1905.68
7,7.7,5,5.3,5.2,2,1,1913.62
3,9.9,5,0.9,11.4,3,0,1811.65
14,1.6,4,3.2,5.6,3,0,1768.23
3,10.3,5,6.3,5.9,1,0,1697.16
7,11.1,2,1.8,3.1,1,1,1784.7
14,5.8,6,1.5,8.7,1,1,2025.26
5,7.3,4,7.6,4.9,1,1,1695.32
6,9.2,7,1.7,7.9,1,1,1921.47
5,2.1,2,2.1,7.9,1,0,1169.99
3,6.0,6,7.8,9.2,2,0,1620.53
3,4.8,7,5.9,9.5,3,1,1754.52
14,1.8,7,5.6,7.1,1,1,1828.6
14,4.4,7,6.8,5.3,2,1,2100.58
7,0.8,6,0.9,10.4,3,1,1594.3
8,0.3,2,5.6,5.1,1,0,1159.82
5,1.6,7,4.0,7.1,1,1,1459.99
14,11.6,7,6.6,6.0,2,0,2449.66
11,6.6,3,4.1,10.6,3,1,2083.39
7,11.6,4,5.0,6.3,1,1,2026.1
10,5.2,6,3.8,5.9,3,1,2010.38
3,3.7,6,3.8,8.9,2,0,1441.19
7,6.1,5,6.1,8.0,1,1,1796.07
5,5.3,6,5.0,3.1,3,0,1640.93
14,1.3,2,5.1,7.1,2,0,1630.74
3,7.7,6,3.6,9.4,2,1,1789.79
6,2.6,3,4.2,11.9,1,0,1333.92
7,7.4,4,6.0,8.3,3,0,1902.77
9,7.8,4,6.6,5.7,1,0,1827.02
3,1.8,6,5.6,4.3,1,1,1325.72
5,0.7,7,7.4,10.7,3,0,1516.35
4,9.4,1,6.6,10.1,3,0,1804.25
11,5.5,1,4.5,4.3,3,1,1894.11
12,0.7,7,5.4,4.0,2,1,1742.44
8,11.9,7,7.4,9.2,2,0,2254.08
12,0.7,7,5.0,5.1,3,0,1731.87
5,8.3,2,6.6,5.1,2,0,1675.38
10,11.8,1,5.5,3.5,1,0,1939.01
10,2.9,7,4.4,4.6,3,1,1900.09
4,1.7,2,1.9,6.3,1,1,1172.96
8,1.5,5,3.4,9.3,3,0,1503.8
9,3.6,2,7.7,5.4,1,1,1567.97
4,1.2,1,5.3,5.3,3,0,1212.08
13,8.3,6,4.5,4.8,1,1,2187.18
12,0.7,5,7.5,6.8,3,1,1880.54
4,6.1,1,4.7,3.8,3,0,1535.62
12,12.0,2,4.2,6.9,2,0,2170.89
3,9.8,3,6.1,9.0,1,0,1634.87
10,7.4,4,5.7,2.3,2,0,1886.95
3,3.7,1,1.5,2.1,1,1,1149.42
11,7.5,7,3.8,2.8,2,1,2062.41
13,6.3,2,3.8,7.4,3,0,1969.7
8,5.1,7,3.0,10.5,2,1,1924.68
9,1.6,7,4.1,2.0,2,1,1619.02
12,10.6,7,3.3,11.4,3,0,2404.87
9,5.4,7,1.6,3.1,2,0,1717.2
12,2.3,7,3.3,10.4,3,1,2010.74
5,4.4,5,0.6,6.8,1,0,1355.81
4,5.0,1,4.6,8.6,2,0,1368.57
11,9.9,1,6.8,7.1,3,1,2218.41
10,8.8,4,5.8,6.8,3,1,2183.4
14,9.2,2,2.9,10.3,2,0,2111.36
12,0.1,3,0.7,9.6,1,1,1463.42
9,5.0,5,1.6,6.8,2,0,1652.19
11,5.8,2,4.4,3.1,3,0,1786.98
6,0.2,5,1.7,3.2,1,1,1247.75
6,3.1,1,4.4,10.0,2,1,1447.73
3,9.1,7,1.9,7.3,3,0,1814.59
10,1.6,4,6.8,6.8,2,0,1548.75
14,6.4,4,3.2,8.8,1,0,1894.86
5,2.6,6,2.0,10.6,1,1,1444.39
9,0.1,3,6.5,8.3,1,0,1328.44
14,2.9,4,2.7,9.6,1,1,1813.09
4,11.7,7,0.9,9.7,1,0,1870.95
4,9.6,1,4.6,5.6,2,1,1753.05
9,11.5,3,4.7,4.7,1,0,1884.89
8,5.9,2,5.7,10.0,1,1,1687.8
5,1.3,7,1.9,5.8,3,0,1416.61
11,6.6,7,3.6,11.0,1,0,1921.51
12,5.5,4,2.3,2.7,3,0,1827.65
8,10.1,3,0.6,2.6,3,0,1922.12
12,1.2,1,7.0,11.3,3,1,1824.54
12,5.9,6,5.8,8.5,2,1,2061.06
8,1.8,5,2.4,5.8,2,1,1566.16
3,3.9,5,4.8,9.6,3,1,1634.23
6,8.8,1,1.6,8.7,2,1,1803.52
12,5.7,1,7.1,7.3,1,0,1675.3
8,4.5,5,0.9,3.0,2,1,1719.0
8,4.7,6,0.0,10.1,1,1,1657.91
13,5.5,3,4.0,10.7,1,1,1941.76
14,9.4,5,4.7,3.7,2,1,2279.81
7,10.7,1,4.6,10.5,2,0,1869.52
3,11.5,4,0.4,10.8,3,0,1821.12
10,9.4,2,2.5,7.5,2,0,1934.91
7,3.8,6,4.0,8.6,2,0,1600.11
14,8.3,7,1.7,5.8,2,1,2267.15
14,5.3,6,7.0,4.8,1,1,2120.97
14,3.1,4,0.7,9.2,1,0,1697.78
7,10.1,4,3.9,10.6,1,0,1828.35
9,0.5,7,5.5,8.5,3,1,1752.69
6,10.8,1,2.1,7.1,3,1,1973.79
8,5.5,5,5.0,3.6,3,0,1791.32
6,7.6,3,6.6,2.5,1,0,1622.37
5,7.9,6,1.5,6.5,2,0,1645.76
9,10.7,7,7.3,2.5,3,0,2245.21
10,7.6,6,4.4,7.7,3,1,2204.23
6,7.4,4,2.4,5.8,1,1,1653.11
4,0.8,5,3.4,9.6,3,1,1458.59
14,6.2,6,2.5,5.1,2,0,1949.29
12,1.8,3,5.8,7.9,1,1,1647.17
5,8.8,4,6.4,7.4,1,1,1813.96
3,6.1,3,6.7,2.0,2,0,1478.42
10,8.2,5,7.9,2.7,2,0,2022.19
5,0.5,6,6.3,4.9,2,0,1286.32
14,1.0,2,4.8,10.8,3,0,1789.74
12,8.6,6,2.7,3.5,2,0,1978.12
9,0.9,5,4.4,9.1,1,0,1394.85
12,0.9,6,0.3,11.7,2,1,1740.75
7,0.1,7,6.0,9.9,1,1,1510.35
12,11.5,6,3.6,4.4,1,1,2270.8
7,8.9,1,0.2,11.1,3,1,1921.77
9,4.2,6,0.5,2.9,2,1,1705.31
11,3.6,6,3.1,6.7,3,1,1975.99
14,4.2,3,4.7,10.9,2,0,1903.16
7,9.3,2,3.7,8.4,2,0,1781.71
3,7.9,3,5.0,6.1,2,0,1582.47
12,2.2,3,3.8,4.9,2,1,1766.25
12,2.1,4,5.3,5.8,2,1,1750.8
3,1.2,1,1.8,7.1,1,0,999.86
4,7.9,3,0.9,5.2,1,0,1410.1
8,9.2,7,4.8,11.7,2,0,2106.11
11,3.2,5,3.9,11.3,1,0,1641.42
10,0.3,7,0.2,10.7,3,0,1637.97
7,1.0,5,3.0,6.2,3,1,1573.79
3,11.6,6,0.8,8.9,3,1,1998.64
9,3.5,4,4.3,11.0,2,1,1821.87
7,9.2,1,3.2,10.5,2,0,1738.74
8,7.5,7,4.9,6.1,1,1,1888.31
9,4.6,1,6.4,3.1,1,0,1439.22
5,2.5,7,2.4,2.8,1,1,1482.74
14,1.5,6,7.7,7.8,3,0,1894.59
12,7.4,5,4.3,8.4,3,0,2112.55
5,9.3,2,4.9,10.5,3,1,1923.51
7,7.7,4,5.4,4.9,3,1,1934.45
8,6.4,7,5.3,3.7,1,1,1790.82
11,0.5,7,4.1,5.8,2,1,1722.86
14,11.6,6,3.4,5.5,2,1,2458.36
7,9.6,4,0.4,3.3,3,0,1813.86
3,3.5,5,0.2,8.7,2,1,1454.2
6,11.8,5,2.9,7.1,2,1,2119.76
7,7.2,7,2.7,9.2,2,0,1843.22
14,7.0,2,3.1,5.5,3,1,2166.92
12,9.0,2,1.1,5.3,1,0,1812.93
12,9.7,1,5.9,6.7,1,1,2063.27
7,7.9,4,6.9,10.8,2,1,1972.45
9,1.5,4,7.5,2.4,1,0,1343.58
6,4.1,5,3.9,10.0,1,1,1597.78
3,11.1,1,5.6,5.7,3,1,1899.96
7,2.7,6,6.8,10.5,3,1,1824.49
9,4.5,4,3.3,10.0,2,1,1805.62
12,5.2,1,2.5,5.5,2,0,1720.36
12,5.3,1,7.5,8.9,2,0,1808.67
8,7.4,7,4.1,3.6,3,1,2027.28
7,11.3,5,4.0,11.0,1,1,2074.57
6,2.9,1,1.4,6.0,3,0,1342.09
4,1.5,2,0.9,6.6,3,0,1234.91
6,2.4,2,6.7,9.1,1,1,1427.0
12,10.6,3,4.9,10.2,1,0,2047.15
12,7.7,5,2.6,4.4,2,0,1980.76
5,3.4,7,1.5,8.6,1,0,1413.55
12,9.8,6,4.4,5.9,1,0,2081.21
3,10.3,3,4.7,5.7,1,1,1749.45
10,10.2,2,1.7,8.9,1,0,1892.87
7,11.0,7,6.8,5.9,2,1,2201.88
6,3.0,3,0.7,5.5,2,1,1406.6
10,9.1,5,2.8,10.4,1,0,1935.84
9,5.5,7,5.4,3.0,1,1,1839.3
4,10.1,5,2.2,8.8,2,1,1903.04
3,8.7,1,6.6,4.5,2,0,1515.15
14,9.3,4,5.9,2.2,1,0,2055.48
13,7.9,1,6.3,3.7,3,0,1960.79
6,2.1,5,1.0,8.1,2,1,1476.47
10,6.5,7,1.1,9.1,2,1,2039.53
14,11.8,2,2.3,2.2,2,1,2302.96
4,11.2,6,4.1,2.4,1,1,1761.81
5,0.5,2,6.0,11.0,1,0,1149.22
14,2.0,7,6.7,2.7,2,1,1965.98
3,1.6,1,5.6,10.9,1,0,1052.32
3,8.7,6,7.4,4.3,1,0,1630.64
5,9.8,7,5.9,9.4,2,0,1993.23
13,2.6,5,2.5,5.1,1,0,1597.68
7,6.1,2,2.1,10.6,3,1,1853.96
14,10.1,5,5.6,9.0,1,0,2187.56
5,8.8,6,1.5,6.0,1,1,1814.3
3,6.5,6,0.7,2.8,2,0,1462.21
3,7.1,2,4.3,9.3,2,0,1473.65
10,6.1,5,6.6,8.2,3,0,2020.6
12,3.6,3,0.8,2.0,1,1,1573.21
13,6.8,5,6.3,2.1,3,0,2052.72
14,8.3,6,6.5,10.1,3,0,2360.9
14,10.5,5,3.9,4.6,2,0,2242.82
4,7.6,7,0.5,8.4,1,0,1589.02
5,9.1,1,1.4,6.5,2,1,1698.15
4,1.9,3,5.7,10.6,3,1,1482.82
5,5.5,4,5.7,11.2,3,0,1682.43
9,0.1,7,7.2,12.0,2,0,1649.21
3,3.0,1,4.7,3.5,2,1,1236.49
12,8.7,4,1.0,10.6,2,1,2196.53
10,11.9,2,1.0,4.7,2,1,2117.88
12,1.2,4,5.8,7.9,2,0,1613.3
12,4.8,7,1.5,7.1,3,1,2015.14
12,9.6,5,2.6,2.2,2,0,1988.08
4,2.4,7,3.9,11.3,1,1,1474.12
5,6.7,4,0.2,2.8,3,1,1679.89
11,8.8,6,2.0,8.9,3,0,2149.33
9,7.4,1,3.3,9.9,1,1,1823.77
6,2.3,1,2.2,10.0,1,0,1208.73
12,4.3,4,1.1,3.4,3,1,1884.74
7,9.4,1,5.8,6.5,2,0,1812.91
4,6.7,6,6.5,10.3,3,1,1927.12
13,0.1,7,2.1,5.0,3,1,1871.79
10,9.1,1,6.2,6.7,1,0,1792.84
6,0.4,4,3.1,4.7,3,0,1281.77
11,8.9,3,4.1,6.6,2,0,1906.99
7,2.4,3,6.8,10.9,1,0,1404.04
11,11.5,2,6.0,6.6,3,1,2295.16
6,4.4,1,6.4,7.6,3,1,1627.94
12,3.9,7,1.1,6.0,2,1,1941.83
7,1.8,4,0.6,6.6,3,1,1491.34
11,3.7,1,7.1,2.2,3,1,1799.31
10,10.5,5,3.1,4.8,3,1,2255.9
5,12.0,6,2.3,6.4,3,0,2045.96
3,4.4,1,5.8,8.3,2,1,1479.52
5,5.4,1,6.7,6.5,3,1,1647.83
6,8.7,3,6.9,5.4,3,0,1897.55
4,10.6,6,2.5,5.9,3,1,1978.99
3,7.1,4,6.8,4.4,1,1,1605.72
9,4.7,1,0.3,11.2,2,1,1706.09
10,5.0,3,0.4,7.2,1,0,1416.98
9,8.3,2,5.0,2.1,1,0,1677.14
7,0.0,6,0.5,2.2,2,1,1356.9
14,7.4,3,2.6,11.7,1,0,1958.36
3,4.3,3,5.4,4.2,1,1,1406.95
9,9.5,7,2.7,10.1,1,1,2076.89
9,1.1,3,1.4,2.6,2,1,1396.86
11,7.1,7,2.3,11.2,3,0,2114.17
5,5.8,1,3.7,10.7,2,1,1636.73
11,7.7,1,3.8,7.7,2,1,1969.56
3,0.8,2,6.3,2.1,2,1,1192.63
3,7.0,5,6.0,4.6,1,1,1596.32
6,6.7,5,3.7,6.1,3,1,1816.59
11,6.7,5,6.8,6.6,2,0,1971.18
8,7.2,7,0.9,5.0,2,1,1934.36
13,8.1,6,2.0,2.3,3,0,2093.83
5,9.7,6,6.6,7.9,3,1,2106.66
3,3.2,2,3.0,7.2,3,0,1275.95
6,9.9,6,7.8,4.8,1,1,2008.04
14,6.0,5,3.7,2.4,3,1,2139.42
11,0.9,5,6.3,11.9,1,0,1565.72
5,0.7,3,3.2,6.8,2,0,1210.08
14,4.0,6,3.4,9.6,1,1,1976.21
11,9.4,1,3.1,6.5,3,0,2014.7
9,8.5,1,5.8,2.4,1,0,1678.45
14,9.5,3,4.4,5.1,3,1,2341.31
6,6.2,3,7.6,5.2,1,1,1661.83
5,5.3,3,2.0,10.4,2,1,1622.39
12,1.8,1,0.8,8.5,1,1,1524.45
7,3.9,5,3.1,4.8,2,1,1600.66
7,5.2,3,4.9,11.7,3,0,1712.68
5,1.1,2,6.9,5.2,2,1,1341.5
14,2.6,7,2.8,12.0,3,0,2008.95
11,7.2,3,5.2,12.0,3,1,2207.52
6,8.8,7,2.8,3.9,2,1,1915.8
13,12.0,4,4.9,5.1,2,0,2300.76
7,11.2,3,7.1,6.9,1,1,1995.53
6,7.7,1,1.9,8.6,1,0,1535.52
7,5.1,6,3.2,7.3,2,0,1713.57
9,7.6,3,7.9,11.7,2,0,1876.16
11,9.4,6,6.9,9.2,2,1,2293.81
9,1.4,4,4.5,4.1,2,1,1488.69
7,4.9,2,4.1,3.1,3,1,1629.3
12,10.1,6,2.3,8.9,2,1,2255.37
12,4.6,7,4.1,3.6,2,1,1996.72
9,6.9,5,6.8,9.9,2,1,2048.31
12,7.1,3,5.5,5.1,2,0,1935.24
7,2.2,4,2.3,5.3,3,1,1600.24
5,4.3,4,1.6,2.1,1,1,1401.55
9,4.0,6,2.1,9.0,1,1,1714.16
13,0.3,2,1.4,3.1,1,1,1441.47
13,0.3,1,0.8,9.7,1,0,1389.39
4,10.0,3,3.4,6.9,1,0,1619.37
14,3.3,4,0.9,9.8,3,0,1887.56
11,6.2,2,1.4,7.8,1,0,1575.89
12,3.6,5,4.4,2.8,3,0,1778.55
12,11.3,4,1.3,9.7,3,1,2417.21
14,3.1,2,0.5,2.7,1,0,1497.35
3,5.2,1,2.5,6.8,1,0,1156.74
8,10.5,1,1.8,3.7,1,1,1831.04
9,10.1,4,4.1,9.5,2,1,2138.84
10,2.2,7,0.8,11.1,3,0,1732.39
12,9.6,4,6.0,7.5,1,1,2209.27
11,5.5,6,7.2,7.3,2,1,2092.32
4,5.8,3,5.9,9.6,3,0,1618.76
13,1.6,2,4.3,2.1,2,1,1675.27
12,1.0,4,6.9,11.2,2,0,1611.44
4,8.7,3,5.6,4.0,1,0,1578.6
7,6.0,6,0.1,11.8,3,1,1885.8
7,5.2,3,3.2,9.4,2,0,1538.84
8,8.8,4,6.8,9.7,3,0,1983.24
5,9.2,1,2.8,8.6,1,1,1619.72
10,1.9,2,0.3,6.7,3,1,1642.21
3,7.3,2,6.0,7.7,2,1,1662.33
8,1.6,1,6.4,2.5,2,1,1413.22
6,9.0,7,1.3,8.2,3,0,1972.45
3,7.9,4,4.3,8.3,2,1,1708.15
9,11.5,2,1.5,10.9,2,1,2132.51
11,0.8,4,5.8,7.1,2,0,1538.13
6,0.7,6,2.2,2.8,1,0,1181.6
6,3.4,4,2.5,5.1,1,0,1282.95
8,3.1,3,6.8,8.6,2,0,1533.81
14,3.0,1,3.8,4.4,3,1,1872.52
5,10.9,7,5.4,4.8,1,1,2009.94
14,3.0,4,3.2,10.2,3,0,1887.58
8,3.3,7,2.4,7.8,2,0,1574.03
9,9.1,7,5.0,7.1,2,0,2125.34
13,5.4,6,1.2,5.2,3,0,1974.1
12,9.3,5,3.0,9.3,1,1,2157.96
12,0.8,1,1.7,4.9,3,0,1444.56
5,5.9,7,5.6,9.4,3,1,1964.06
9,0.4,2,7.6,2.7,2,0,1389.24
5,0.8,3,8.0,10.6,1,1,1307.96
4,10.9,2,3.6,7.0,3,1,1939.73
14,1.7,6,2.0,6.4,1,1,1759.39
12,6.4,6,3.5,8.1,2,1,2165.85
6,4.9,2,6.8,8.2,1,0,1488.11
14,4.2,1,1.6,3.3,2,1,1741.88
10,10.8,2,7.6,9.6,1,0,1988.16
11,0.3,4,2.7,4.8,3,1,1622.41
9,8.0,2,7.9,11.0,2,1,2040.35
3,11.6,3,6.7,10.2,3,0,1996.17
5,6.7,3,6.5,5.5,2,0,1598.28
14,11.2,5,2.5,10.1,1,1,2368.23
11,0.6,3,0.1,5.6,1,1,1395.07
14,5.0,2,3.1,3.0,2,0,1786.67
3,3.1,3,2.4,11.6,2,1,1394.24
11,8.8,1,0.3,8.5,2,0,1796.18
10,11.8,7,4.0,6.6,1,0,2157.13
3,3.1,3,3.2,6.0,2,0,1235.3
8,7.9,4,5.1,5.2,2,1,1895.28
7,2.4,1,5.0,11.8,3,1,1664.96
8,6.8,5,1.0,3.3,2,0,1657.61
12,5.6,4,7.8,5.1,3,0,2005.87
14,11.7,2,1.5,6.9,3,0,2270.92
7,7.3,7,3.6,6.8,3,0,1960.71
8,4.2,2,3.9,6.7,1,1,1535.47
7,1.4,7,6.5,3.8,3,0,1526.36
13,1.8,7,0.8,3.4,2,1,1817.5
14,2.7,2,3.4,4.5,1,0,1613.39
7,3.0,4,5.0,11.1,1,1,1555.37
6,10.2,4,1.7,3.1,1,1,1820.17
5,6.7,7,5.0,9.6,1,1,1791.08
5,6.3,4,7.4,9.6,1,1,1689.92
6,1.4,7,8.0,10.1,1,1,1599.42
11,10.3,7,0.3,10.9,1,0,2060.2
4,8.7,1,1.9,4.6,3,0,1597.37
11,0.8,6,2.5,4.2,2,1,1656.12
3,8.5,1,3.2,6.7,2,0,1504.63
3,6.5,2,1.9,4.7,3,0,1432.34
7,1.0,6,1.6,9.3,3,0,1557.19
8,5.5,3,7.6,8.4,1,0,1660.47
8,5.8,2,7.3,10.7,1,0,1657.51
5,2.0,5,0.4,2.8,3,0,1373.8
9,11.3,1,2.7,11.2,1,0,1893.06
11,10.2,4,3.2,4.9,2,1,2152.26
13,8.0,1,1.9,6.9,2,0,1864.33
14,5.5,4,5.0,6.4,1,0,1835.7
12,4.9,6,5.1,9.6,1,0,1810.58
10,7.8,5,6.8,6.2,1,1,1983.96
8,6.5,6,5.9,11.4,2,1,2011.29
14,0.7,5,4.3,11.0,1,0,1673.82
10,6.2,1,5.2,10.7,3,1,1995.59
14,9.7,4,2.2,2.7,1,1,2098.85
7,5.5,6,4.7,10.5,3,0,1856.27
10,0.6,5,3.9,9.8,1,1,1593.12
12,9.4,7,1.1,3.0,1,0,1987.17
14,2.4,2,1.9,3.1,2,1,1751.33
6,3.1,2,2.3,3.0,3,0,1399.67
12,2.0,6,7.4,2.1,3,1,1880.46
10,4.0,4,1.8,7.5,3,0,1788.15
12,9.1,7,2.3,11.7,2,0,2171.33
14,6.2,6,3.0,6.4,3,1,2261.52
4,2.5,1,5.3,7.4,2,0,1256.84
14,10.5,5,0.9,11.7,1,0,2144.88
14,10.6,1,7.6,4.6,1,1,2208.37
7,10.4,2,6.9,10.6,3,0,2057.67
11,2.9,5,4.6,7.5,1,0,1569.76
6,5.4,6,5.4,7.7,1,1,1706.59
13,11.8,1,0.1,5.4,3,0,2194.38
8,9.3,3,2.7,7.6,1,1,1904.52
3,0.3,4,6.4,2.7,3,0,1198.69
11,0.8,7,0.6,9.6,3,1,1850.33
3,5.6,7,2.3,4.8,1,1,1564.17
7,10.9,4,4.7,10.9,1,0,1921.64
6,6.5,3,2.1,5.7,1,1,1561.43
14,6.0,2,7.5,3.4,1,0,1790.82
5,1.3,5,1.0,9.0,1,0,1205.33
8,7.9,4,6.4,3.6,2,1,1976.34
4,9.9,3,4.1,9.5,1,0,1652.39
5,4.6,6,6.0,11.7,2,0,1613.63
7,9.3,7,2.5,9.8,3,1,2195.35
11,11.6,3,4.1,2.2,1,0,1991.44
4,2.4,2,6.9,8.0,1,0,1219.68
12,6.3,2,3.7,9.0,1,1,1856.84
10,3.4,1,2.9,10.3,3,0,1623.7
4,9.5,4,4.3,2.6,2,0,1662.7
13,6.9,1,5.7,6.8,2,1,2033.18
7,7.6,7,3.5,7.4,1,0,1747.62
9,9.6,3,7.5,3.7,1,0,1873.17
10,4.8,5,2.4,5.2,1,1,1709.96
3,11.0,5,3.8,6.4,1,0,1720.13
8,6.4,2,6.1,10.3,3,0,1838.51
3,1.9,5,5.5,11.3,1,1,1378.55
4,8.4,5,6.9,8.3,3,1,2000.31
3,9.5,7,8.0,5.9,1,0,1740.36
13,3.8,5,3.4,4.5,2,0,1803.98
7,10.3,3,0.9,11.8,2,1,2002.8
12,10.9,5,0.2,11.8,1,0,2079.91
11,3.3,6,5.8,11.2,1,0,1674.59
8,11.8,5,7.0,9.9,3,0,2207.01
13,1.7,5,1.8,5.3,1,1,1601.75
13,2.4,1,1.3,10.2,1,0,1512.58
3,2.2,3,0.5,6.1,1,0,1034.46
3,10.7,2,6.6,5.3,2,1,1832.02
4,7.9,1,2.5,9.4,3,1,1731.39
11,1.8,4,3.2,2.8,2,1,1651.65
5,5.3,3,4.0,2.5,3,0,1538.33
3,7.4,6,6.7,6.5,2,0,1668.89
7,1.0,3,5.2,6.5,1,1,1364.7
9,10.6,4,4.9,11.0,2,0,2085.5
8,9.6,4,1.4,3.3,2,0,1862.55
14,6.1,4,4.1,3.2,3,0,1958.06
3,11.6,7,5.7,3.5,3,0,1970.48
7,5.0,2,7.8,2.3,2,1,1678.96
7,11.8,5,1.6,2.7,3,1,2182.44
8,8.0,3,0.1,8.6,3,0,1832.82
5,7.6,7,0.6,6.3,3,1,1896.88
7,2.0,5,3.0,9.6,3,0,1605.05
9,10.6,5,6.6,11.9,3,0,2252.93
7,5.1,6,0.1,8.6,2,1,1736.92
7,1.9,4,3.7,2.5,3,1,1595.55
7,0.2,2,2.6,3.0,1,0,1084.07
12,6.7,6,0.4,10.8,2,0,1996.99
12,6.3,1,3.6,7.3,2,0,1817.11
5,8.6,7,2.0,10.2,2,0,1813.23
3,10.7,7,2.8,10.6,3,1,2142.63
7,1.0,2,5.6,11.3,1,1,1317.54
11,8.8,5,4.2,11.5,3,0,2122.21
3,2.2,7,1.0,7.5,2,0,1279.59
5,10.3,2,7.7,5.4,2,1,1903.7
6,9.8,7,5.1,11.6,2,0,2024.88
3,6.5,7,6.1,7.5,2,1,1749.12
3,8.5,4,0.6,2.6,3,0,1596.64
10,3.8,1,0.4,8.4,1,1,1524.85
4,5.7,4,0.2,7.9,1,0,1410.53
14,9.9,1,1.5,11.0,2,0,2073.85
10,5.5,7,3.3,8.5,1,0,1725.91
9,4.3,6,7.5,5.5,2,1,1907.57
12,5.9,5,3.7,11.7,2,1,2054.58
12,9.9,7,2.3,10.0,1,0,2127.65
4,4.0,1,4.5,8.3,2,0,1296.21
8,2.1,1,0.9,4.9,1,0,1208.12
8,8.5,1,4.9,5.7,2,0,1700.37
5,9.9,7,4.5,8.7,1,1,1875.42
13,1.2,2,6.3,2.7,2,1,1711.67
4,2.9,6,7.9,4.6,1,1,1478.82
14,1.7,2,2.0,9.1,2,0,1659.38
3,4.2,5,4.1,6.8,2,0,1435.27
8,5.4,7,7.3,6.0,2,1,1904.91
14,9.0,1,6.3,3.5,1,0,1952.22
7,7.8,6,3.9,6.4,3,1,2045.16
13,7.5,6,7.6,9.7,2,1,2294.95
11,4.2,3,0.5,4.6,2,1,1706.84
3,10.1,5,7.4,2.1,1,1,1777.99
9,5.7,6,0.4,8.7,2,0,1781.11
7,11.7,7,4.4,11.7,2,1,2273.83
7,7.6,1,7.1,8.1,2,0,1729.01
4,1.5,1,2.1,3.2,2,1,1191.61
13,8.1,6,3.8,5.2,3,1,2272.87
5,3.9,2,2.6,10.7,3,1,1603.26
9,8.2,5,7.6,4.3,2,1,2014.24
8,0.8,1,6.6,8.1,2,0,1351.04
14,2.1,6,5.7,6.0,2,0,1847.33
4,10.3,1,4.7,4.1,3,0,1770.44
8,2.7,6,6.6,10.1,3,0,1713.42
4,10.0,5,3.1,9.4,1,1,1817.52
4,3.4,6,3.6,8.6,1,0,1360.52
4,7.7,3,5.8,4.4,2,0,1569.92
13,8.3,6,2.9,3.0,2,1,2123.33
5,6.2,6,0.5,7.8,3,0,1663.35
4,3.7,7,0.6,7.5,2,0,1436.21
6,2.6,5,0.9,3.9,2,0,1376.03
11,0.4,7,7.0,2.6,3,0,1741.88
8,3.6,6,3.8,2.8,3,1,1781.75
3,7.8,5,5.7,11.9,3,1,1930.39
10,11.3,3,3.1,9.8,3,0,2205.22
14,10.5,5,2.1,11.2,1,1,2255.68
9,9.2,1,2.8,4.0,3,0,1829.82
12,9.5,7,6.4,11.6,3,0,2382.48
5,8.0,5,5.0,3.4,2,0,1737.48
3,3.1,3,7.5,7.1,2,1,1465.09
7,10.9,4,5.4,10.3,2,1,2139.69
6,8.0,6,4.6,5.5,1,1,1811.96
12,6.7,5,4.9,6.2,3,1,2182.4
10,1.3,6,7.5,3.3,3,1,1784.71
3,5.4,2,6.3,3.2,1,1,1367.41
12,5.5,1,0.2,8.2,3,0,1756.21
3,10.4,7,4.3,8.8,2,1,2027.21
14,6.6,1,5.5,9.8,1,0,1842.39
6,4.6,2,6.0,7.6,3,0,1573.24
10,11.7,2,1.7,8.5,1,1,2078.73
7,1.3,7,6.9,2.1,1,0,1350.99
4,5.1,5,7.6,3.6,3,0,1617.78
8,0.5,2,1.9,11.8,2,0,1322.57
7,8.9,4,7.1,2.8,3,1,2021.67
4,11.0,6,0.8,8.8,3,1,2052.24
13,3.4,6,0.4,3.8,2,0,1703.49
13,10.3,3,1.0,9.2,3,1,2367.88
13,3.5,2,0.5,9.1,3,0,1760.93
5,10.9,2,6.8,4.3,3,1,1981.54
11,9.0,4,0.5,4.7,1,0,1834.19
9,9.7,1,2.2,8.5,1,0,1758.75
9,0.2,1,0.8,5.9,1,1,1179.9
13,11.6,6,2.4,3.9,3,1,2511.21
8,8.7,6,0.7,9.3,2,1,1986.51
10,3.7,5,5.3,3.5,1,1,1757.11
6,10.0,7,1.1,10.6,2,1,2085.86
10,3.4,4,6.8,7.1,3,0,1737.8
6,10.5,7,6.5,3.1,1,0,1879.77
10,1.4,7,0.1,8.9,3,0,1685.28
11,8.4,3,7.2,7.2,2,1,2112.87
5,6.5,7,0.2,5.0,1,1,1668.95
5,1.2,3,1.9,6.2,1,0,1089.32
13,2.9,7,0.3,5.0,1,0,1657.04
4,0.1,4,2.7,4.6,1,0,1048.3
12,5.6,3,4.1,3.6,2,0,1796.1
5,3.6,1,6.4,5.6,1,1,1340.64
5,7.2,3,2.7,4.5,3,0,1647.62
7,3.6,3,5.6,8.8,1,1,1557.42
7,3.6,4,1.5,8.8,2,0,1456.25
4,8.9,4,6.0,7.0,1,1,1714.29
14,0.6,3,1.9,9.8,2,1,1664.86
12,10.8,2,1.1,10.4,2,1,2193.77
8,10.2,4,1.5,7.8,3,1,2120.98
7,8.0,5,1.5,8.2,1,0,1700.54
8,7.1,5,4.1,4.8,1,0,1707.01
3,10.7,1,6.8,10.9,1,0,1642.78
7,2.2,7,0.6,2.2,3,1,1616.71
11,0.9,3,5.7,5.5,3,0,1569.84
14,2.9,2,5.2,9.2,2,0,1760.62
12,9.5,1,7.0,2.8,2,0,2013.66
4,0.4,3,2.0,3.8,2,1,1193.63
3,7.0,4,3.6,7.9,3,1,1779.5
12,11.9,5,7.4,7.6,3,1,2571.95
13,10.3,6,5.3,9.4,3,0,2434.93
11,6.3,2,3.1,10.1,2,0,1803.88
12,0.8,6,1.1,3.3,3,0,1611.43
11,10.0,5,2.1,2.2,2,1,2152.84
11,7.2,7,4.6,8.9,2,0,2030.41
8,1.4,7,5.7,5.0,1,1,1579.3
10,1.1,6,1.0,8.3,1,1,1533.72
13,10.9,4,4.8,3.5,1,1,2192.55
3,8.0,3,4.4,6.7,2,1,1716.09
12,10.0,4,4.1,7.0,1,0,1997.42
6,10.5,6,5.5,7.9,1,0,1924.47
3,6.9,4,6.7,7.1,1,1,1622.38
10,6.2,5,2.6,7.0,3,0,1900.63
3,5.2,2,7.1,5.3,2,1,1451.62
5,3.8,4,1.3,2.7,1,0,1283.37
6,5.2,5,1.4,2.9,3,0,1558.95
10,9.3,2,2.1,6.3,3,1,2109.99
8,7.2,7,1.0,5.6,3,1,1991.47
12,10.7,3,1.8,7.2,1,1,2092.67
14,5.3,6,0.9,5.0,3,1,2144.26
9,7.3,7,6.6,8.9,2,0,2009.75
10,7.6,3,1.1,10.6,3,1,2013.65
4,7.1,7,6.0,5.0,3,0,1832.1
12,8.4,1,0.4,3.9,3,1,2016.82
13,2.8,7,7.6,3.2,3,0,1945.27
10,6.1,5,5.7,8.2,2,1,1983.09
5,1.3,2,0.1,6.4,1,0,1008.52
9,4.6,7,6.1,3.9,2,0,1784.66
5,5.9,4,4.1,8.5,2,0,1583.49
9,7.8,3,6.2,3.5,1,1,1817.45
13,11.4,7,4.2,7.5,3,1,2597.92
14,7.2,2,5.1,7.3,1,1,2023.05
4,8.9,5,6.3,9.3,1,1,1826.29
12,6.1,1,3.2,2.6,2,0,1763.1
8,7.6,3,0.0,10.9,1,0,1593.56
5,0.9,6,6.8,9.0,3,0,1440.76
5,3.1,2,3.0,4.2,2,1,1343.52
11,4.3,6,4.0,3.8,3,0,1861.51
9,5.7,2,0.1,6.3,2,0,1563.63
7,0.5,2,3.9,10.2,3,1,1489.21
14,1.7,5,7.9,10.4,1,1,1855.73
12,3.3,5,2.2,7.2,1,0,1678.96
9,11.7,5,3.2,10.6,1,1,2236.83
11,4.0,7,5.5,2.1,3,1,2021.17
3,5.8,4,6.5,2.4,2,1,1523.58
9,2.4,2,3.3,11.1,2,1,1596.99
8,7.3,3,2.5,9.8,2,0,1770.42
12,3.4,6,7.5,6.5,1,0,1755.63
14,2.5,5,5.4,9.5,3,0,1963.27
11,6.2,7,1.0,11.6,2,0,1986.63
3,0.1,5,0.6,9.7,3,0,1270.42
6,0.1,6,3.9,10.4,2,1,1461.35
11,2.6,6,1.8,9.6,1,0,1601.04
6,0.4,2,2.0,3.7,3,0,1201.18
12,1.3,5,7.0,10.3,2,1,1782.58
5,4.1,6,0.7,4.0,2,1,1562.65
11,9.6,4,5.7,10.9,2,1,2261.3
4,6.9,4,2.2,6.6,2,0,1516.4
6,6.2,5,6.1,8.8,1,1,1694.46
8,3.5,7,5.8,7.0,2,1,1791.88
4,11.2,6,0.1,2.9,2,1,1920.53
10,4.8,2,4.1,4.9,1,0,1570.72
10,1.0,2,1.1,11.8,2,1,1520.02
3,7.4,7,6.9,11.6,3,1,2010.63
14,1.4,2,7.0,5.2,3,0,1761.07
5,4.1,1,3.3,12.0,2,1,1521.8
12,6.1,5,3.6,10.5,1,0,1822.99
11,10.5,2,2.4,8.1,1,0,1887.9
7,5.9,4,5.7,2.4,1,1,1625.48
8,8.4,6,2.9,11.0,2,0,1928.41
6,11.9,3,2.1,7.6,2,1,2072.02
12,1.6,7,3.5,10.7,3,1,1942.53
4,3.3,3,0.7,10.3,1,1,1352.34
13,4.7,2,6.0,10.3,2,1,1954.66
10,5.1,3,0.1,9.0,2,0,1664.98
13,4.9,3,5.2,4.9,2,1,1934.51
8,10.9,1,1.5,5.4,1,1,1856.11
7,8.6,4,1.9,5.1,1,1,1787.49
11,7.3,7,5.1,2.2,3,0,2058.72
3,3.7,4,7.9,7.8,1,0,1334.03
7,9.9,1,6.2,9.0,2,1,2000.62
8,11.5,1,1.8,10.5,3,0,1990.78
7,9.9,3,1.4,3.4,1,0,1705.58
8,0.0,5,6.9,7.4,1,1,1450.04
8,7.6,6,3.6,2.1,1,1,1814.87
9,0.6,6,1.1,3.0,1,1,1437.79
6,3.1,3,6.9,2.5,2,1,1504.97
13,0.7,6,6.5,9.3,1,1,1785.18
10,7.2,1,7.9,2.8,2,0,1779.57
9,8.2,4,7.3,9.2,2,1,2016.3
11,1.4,6,6.8,4.5,2,1,1777.93
9,4.6,7,0.4,10.8,3,1,1909.57
5,5.5,3,0.8,10.1,2,1,1554.65
5,4.4,5,4.6,11.6,1,1,1606.99
10,1.5,3,4.3,10.8,3,0,1638.1
7,5.0,2,3.7,11.3,1,1,1633.35
6,9.0,3,3.2,10.6,2,0,1747.12
10,0.9,1,3.4,8.9,1,1,1394.76
8,1.0,4,4.6,3.7,3,1,1591.13
4,4.3,4,0.0,4.7,3,1,1561.13
6,11.3,7,2.1,4.1,1,0,1875.77
14,8.0,6,4.1,8.0,1,1,2173.46
13,8.1,1,5.8,7.0,1,1,2049.59
6,4.3,2,1.4,10.7,3,1,1633.73
8,7.1,1,4.4,11.5,2,1,1831.26
8,0.1,3,5.7,6.0,1,1,1312.52
3,7.6,1,3.6,7.1,2,1,1597.72
10,11.0,1,0.2,11.7,3,1,2204.58
8,7.4,7,3.6,4.8,1,0,1740.23
5,10.5,2,2.4,9.9,1,1,1849.54
11,8.7,3,7.4,4.3,3,1,2179.19
4,1.4,5,1.0,8.8,1,1,1291.36
13,10.8,7,5.2,4.5,2,0,2312.31
10,0.8,5,0.4,10.8,3,0,1519.03
12,6.4,7,3.6,7.6,3,1,2231.32
5,1.7,4,4.4,3.9,1,0,1196.62
14,0.1,7,2.4,4.2,3,1,1811.61
7,5.1,6,3.6,6.9,1,1,1734.36
8,3.5,1,1.3,11.6,1,0,1371.35
12,5.8,4,2.4,9.7,3,1,2114.78
8,6.9,2,5.0,6.9,1,0,1555.32
6,0.5,5,2.4,5.4,2,0,1250.69
5,1.5,7,7.2,7.5,2,0,1495.02
6,6.7,1,5.0,9.5,1,1,1573.95
3,4.1,2,3.5,9.8,2,1,1420.17
6,8.8,6,0.3,5.2,1,1,1798.0
3,7.8,2,4.0,9.2,2,1,1598.56
14,10.1,1,6.1,8.6,3,1,2334.36
3,8.3,6,2.1,11.6,1,1,1771.46
12,5.2,2,6.5,11.3,1,1,1886.39
8,8.1,6,2.0,9.9,1,0,1836.1
7,3.3,7,6.6,9.2,1,1,1702.66
13,3.7,7,0.7,4.7,1,1,1904.68
6,9.5,1,6.9,10.5,1,1,1848.36
13,5.4,1,4.0,6.3,3,0,1899.69
5,9.6,6,2.4,4.7,3,0,1873.22
3,9.9,3,2.1,5.8,2,0,1627.72
8,10.3,4,3.5,10.4,1,1,2035.06
4,11.0,2,8.0,3.5,2,0,1800.23
10,5.2,2,1.8,6.6,2,0,1622.43
12,3.8,3,0.8,6.9,3,1,1860.28
7,7.0,3,4.7,2.4,2,1,1768.46
9,4.5,3,3.9,4.0,3,1,1803.24
12,7.2,5,4.2,10.3,2,0,1995.45
14,8.5,5,5.3,10.3,1,1,2250.75
4,8.3,6,2.1,4.9,2,1,1794.22
10,4.5,5,7.3,10.7,3,1,2015.51
4,2.0,7,3.5,9.7,3,1,1641.58
6,5.2,7,1.0,6.2,3,1,1821.78
3,1.7,1,5.9,9.5,2,1,1362.12
7,10.7,6,5.1,11.6,2,0,2077.22
11,4.2,2,2.5,6.6,3,1,1865.28
3,1.9,4,5.0,4.4,1,0,1137.97
11,0.3,1,1.8,11.4,1,0,1364.84
13,7.7,2,3.6,8.0,2,1,2048.7
10,7.6,2,7.2,3.1,2,0,1807.94
8,4.1,6,1.1,7.7,3,0,1670.13
9,0.9,3,3.1,7.0,2,0,1381.46
5,4.9,3,6.6,10.6,2,1,1636.26
3,3.7,1,7.8,7.3,3,0,1344.22
7,8.1,3,3.6,4.6,3,0,1732.0
14,7.3,2,4.1,8.8,2,0,1931.48
14,4.4,3,4.6,7.4,1,0,1780.29
4,2.6,5,7.5,4.3,2,1,1483.94
7,11.9,3,6.9,7.7,1,1,2023.59
10,5.4,2,1.4,10.2,1,0,1561.83
13,8.3,6,3.5,2.3,1,1,2077.76
11,1.7,1,3.7,8.3,3,1,1659.26
4,5.8,4,6.3,5.5,3,0,1665.57
14,0.3,3,4.8,4.9,3,1,1830.7
5,6.1,7,5.2,5.9,2,1,1848.05
5,11.6,7,8.0,5.4,3,0,2150.18
3,4.6,2,0.6,10.3,3,0,1393.81
10,0.5,4,1.8,4.7,2,1,1489.22
8,0.4,4,3.3,9.3,2,1,1469.59
14,4.7,5,2.8,2.9,1,1,1882.85
10,1.9,4,0.2,11.5,2,1,1665.17
13,0.3,7,0.7,8.2,2,0,1674.87
11,9.1,6,5.4,9.1,3,0,2211.02
7,5.5,2,7.0,5.0,1,0,1453.42
14,3.5,2,4.1,6.1,1,0,1669.02
5,10.8,3,4.3,4.2,2,0,1731.26
7,1.4,3,2.0,11.3,3,1,1564.42
7,11.5,3,6.1,6.9,3,1,2195.28
7,3.8,7,6.0,8.3,3,0,1754.24
5,10.7,7,4.7,9.3,3,0,2031.84
13,7.2,7,1.7,5.7,2,0,2030.03
12,9.9,7,0.8,9.2,3,1,2443.08
6,11.8,7,0.5,8.8,1,1,2065.35
11,3.5,7,4.7,9.1,1,1,1888.65
12,11.5,6,6.6,6.9,2,0,2285.08
11,4.7,7,6.9,5.8,3,0,1993.47
4,4.6,4,3.7,4.2,3,0,1485.65
10,4.1,4,6.3,10.2,3,0,1845.03
10,6.5,5,7.6,8.1,3,0,2035.68
9,1.8,6,2.2,6.4,2,1,1643.82
10,6.6,3,3.2,11.4,3,0,1879.72
5,6.5,1,7.5,2.5,2,1,1633.4
8,9.1,7,2.7,10.5,3,1,2240.83
3,10.0,5,7.3,12.0,3,1,2114.98
9,5.3,1,7.8,10.9,1,1,1780.11
3,3.6,4,5.3,10.1,2,1,1521.89
11,3.1,5,6.5,5.7,1,0,1597.11
3,2.3,5,6.0,4.3,2,0,1241.72
3,0.7,2,5.6,9.3,3,0,1222.59
9,4.1,4,2.5,5.0,3,1,1813.58
4,3.2,4,0.5,3.8,2,1,1392.25
7,11.6,6,2.7,9.9,1,1,2106.62
10,6.7,5,5.3,5.1,2,1,1982.5
10,4.2,7,0.8,11.1,2,1,1951.71
5,7.0,4,0.1,10.4,3,1,1818.82
9,1.7,5,1.1,10.5,1,0,1415.18
5,5.3,6,5.7,9.7,2,1,1752.64
8,7.5,7,7.8,10.8,1,1,2004.74
8,5.9,6,7.9,10.1,1,0,1744.19
5,4.8,2,4.0,8.0,2,1,1520.75
9,11.9,7,7.0,5.0,1,0,2148.43
5,10.6,5,5.9,10.9,3,0,2042.46
10,7.5,4,4.0,10.4,3,0,1997.02
12,6.8,4,4.6,6.7,3,1,2163.29
6,7.4,5,1.1,2.4,3,0,1761.88
3,2.4,5,7.5,8.4,1,0,1255.1
6,4.7,5,2.8,2.5,3,1,1677.17
9,0.5,3,3.6,11.3,2,0,1353.89
13,5.7,7,5.4,11.6,3,1,2297.61
6,6.5,4,2.7,3.9,2,1,1691.57
8,2.7,7,2.0,8.8,2,0,1615.38
11,11.6,6,5.0,2.9,3,1,2413.2
3,10.9,4,0.2,9.3,3,1,1916.56
7,8.7,3,5.8,5.5,1,0,1708.18
13,6.4,5,4.1,8.8,2,0,2020.11
9,10.4,2,4.8,5.7,3,0,1975.27
3,1.6,5,5.1,3.5,1,0,1160.01
6,9.5,5,4.2,6.1,3,1,2092.99
8,1.5,3,4.7,3.1,3,0,1463.22
4,9.5,7,5.5,7.8,3,0,1929.56
12,3.3,4,6.0,2.4,2,0,1685.02
7,10.5,5,5.8,7.3,3,1,2237.49
13,11.3,4,7.0,10.9,1,1,2340.45
12,1.8,1,1.5,10.4,3,1,1743.66
3,5.6,6,3.2,10.8,3,1,1756.68
8,11.8,7,7.6,11.2,1,1,2299.01
8,5.8,4,3.2,3.0,1,0,1506.53
6,10.4,2,1.0,3.3,2,1,1831.52
10,7.1,6,4.2,7.6,2,1,2060.57
6,4.5,2,0.9,10.9,2,1,1511.72
10,3.4,5,1.6,11.7,2,0,1678.07
10,2.4,6,8.0,2.5,1,0,1586.42
7,9.1,4,4.3,5.6,3,1,2024.04
6,4.6,6,2.3,4.1,3,0,1543.17
14,6.1,5,8.0,9.6,3,1,2316.76
4,5.9,3,7.7,8.4,2,0,1602.39
13,6.9,7,3.5,3.2,1,0,1925.07
5,10.4,2,2.1,6.8,1,1,1791.26
5,11.8,5,6.7,8.9,1,0,1901.03
6,4.9,3,5.7,9.8,3,1,1744.37
6,9.9,6,5.5,2.2,2,1,1999.25
12,9.2,6,7.1,10.9,1,1,2245.92
13,6.9,5,5.5,7.7,2,0,2055.3
13,11.5,4,2.3,10.1,1,0,2156.42
7,2.4,6,5.6,10.1,2,1,1735.22
6,1.3,4,2.4,3.9,1,1,1274.75
13,10.2,4,6.1,3.1,2,0,2166.69
12,5.3,7,5.0,9.2,1,1,2031.29
10,10.2,4,0.6,3.6,1,0,1874.69
8,10.7,1,4.1,10.5,2,0,1961.19
8,0.7,7,2.7,9.3,2,0,1480.15
10,10.6,3,2.6,10.4,3,1,2240.62
9,5.4,3,4.8,5.0,2,1,1722.98
12,6.1,6,2.6,5.2,1,0,1876.45
13,7.5,6,6.2,8.7,1,1,2181.83
14,11.1,4,0.6,2.3,2,1,2296.95
12,0.2,7,5.3,9.3,3,0,1790.67
10,5.7,7,6.5,10.4,2,0,1960.29
4,8.3,1,5.4,6.2,1,1,1605.11
11,8.7,4,4.0,9.6,1,0,1917.41
3,8.3,1,7.6,3.7,3,1,1730.14
10,1.6,4,2.4,5.2,2,0,1443.09
14,3.6,2,0.2,11.7,1,0,1696.72
13,4.3,2,3.5,11.9,1,1,1845.64
14,9.7,5,0.3,7.1,1,1,2246.89
14,3.3,4,7.6,11.3,2,1,2109.29
6,2.5,7,1.7,7.2,2,1,1539.88
6,11.5,6,6.3,4.9,3,1,2261.76
7,0.1,3,6.2,4.7,1,0,1143.26
10,12.0,5,1.7,11.3,1,0,2106.52
7,8.1,6,5.0,3.7,3,1,2044.84
10,9.9,2,0.4,7.8,1,0,1766.19
12,3.5,4,3.9,7.6,3,1,1919.27
3,0.2,5,0.1,9.4,3,0,1217.41
14,8.9,4,7.4,7.0,1,0,2116.49
12,10.0,2,7.8,4.7,2,1,2176.25
11,8.9,5,1.8,3.7,2,1,2059.86
8,1.7,2,1.7,8.2,2,1,1416.26
5,9.0,1,6.0,9.2,2,0,1662.31
10,9.2,2,2.0,7.7,1,1,1899.26
11,7.9,7,7.2,9.4,3,1,2376.02
8,9.2,7,4.6,3.4,3,1,2204.03
13,10.2,4,2.8,10.8,1,1,2282.0
9,7.4,3,6.7,7.8,2,1,1980.93
3,1.1,2,3.9,3.3,3,1,1276.45
7,5.9,6,7.3,6.6,1,0,1694.45
7,0.9,7,7.4,10.4,1,0,1476.57
12,4.9,3,1.3,11.0,2,0,1725.9
6,4.9,1,0.0,4.6,1,0,1300.87
8,0.8,5,7.9,9.1,3,1,1666.47
9,4.2,5,7.2,3.0,3,1,1922.06
11,1.3,7,0.4,2.3,1,0,1444.49
3,9.7,3,6.7,7.6,3,0,1771.12
8,11.4,7,3.7,8.9,1,0,2068.34
9,0.9,5,2.1,10.0,3,1,1678.26
5,11.5,2,7.0,5.4,2,1,1955.32
10,6.3,3,1.6,2.1,3,1,1835.56
7,3.6,4,7.6,6.8,2,0,1525.43
11,0.9,2,1.6,2.2,2,0,1335.87
7,6.0,2,4.9,2.9,1,0,1446.39
11,9.5,2,1.8,5.3,2,0,1874.68
12,8.5,4,4.4,6.4,3,0,2117.15
6,0.6,1,5.5,4.8,3,1,1355.56
11,0.9,6,1.5,7.8,2,1,1690.41
7,4.8,7,4.2,2.6,1,1,1701.74
12,3.5,5,3.8,3.4,2,1,1842.88
11,2.8,7,0.6,9.0,3,1,1913.98
5,3.4,3,6.5,3.4,3,0,1445.75
6,9.6,1,2.7,8.4,2,1,1873.78
11,11.2,3,4.6,2.5,2,0,2058.99
12,4.9,7,4.1,6.1,2,1,2100.71
13,10.9,5,4.1,3.8,3,0,2267.91
8,3.9,4,0.9,3.1,3,0,1566.1
4,5.7,7,3.4,7.7,3,0,1732.98
9,2.7,2,3.6,11.3,1,0,1406.7
4,7.7,7,5.9,2.5,3,0,1786.12
13,11.7,2,6.7,6.2,3,0,2340.78
4,7.2,4,4.4,9.1,1,1,1662.04
13,4.3,7,0.7,6.6,1,0,1786.59
3,7.8,1,1.9,10.1,1,0,1418.21
13,1.5,1,1.3,3.8,1,1,1478.6
13,10.7,3,1.0,11.6,1,0,2122.31
14,6.0,4,2.9,5.9,1,1,1911.4
13,5.4,1,1.8,5.4,2,1,1873.52
5,7.0,7,1.7,10.7,2,0,1763.42
8,7.5,4,0.4,7.6,2,0,1705.17
10,0.9,5,0.1,7.2,2,1,1523.68
11,8.2,2,0.8,9.3,3,0,1946.03
9,2.9,7,1.4,7.8,1,1,1664.91
6,8.6,2,3.4,3.6,3,0,1720.35
8,9.9,2,4.1,8.7,1,1,1927.26
7,9.6,4,1.1,3.3,1,0,1738.53
10,6.6,4,3.4,10.1,3,0,1897.46
3,6.2,3,2.7,11.9,2,1,1544.78
3,1.7,2,1.5,5.8,3,1,1291.52
13,9.3,3,0.1,6.4,3,1,2196.19
8,3.3,2,3.7,2.5,1,1,1420.19
12,6.0,3,5.5,2.1,1,0,1757.21
14,3.4,3,1.8,11.2,1,1,1812.18
4,1.6,5,1.1,3.3,2,1,1309.53
7,7.6,3,7.1,6.5,3,0,1838.7
3,0.7,4,2.2,10.2,3,0,1247.84
9,9.0,3,1.8,10.9,2,1,2021.26
3,3.8,2,6.9,7.2,3,0,1497.14
6,0.0,3,6.5,7.7,3,1,1482.79
11,6.1,1,3.6,8.7,1,0,1690.08
3,0.6,6,3.9,11.6,2,1,1395.99
6,3.3,2,1.7,8.0,1,0,1193.77
8,8.5,1,0.6,7.6,2,1,1789.99
8,0.8,2,4.6,2.1,1,1,1304.37
14,10.1,4,0.8,2.8,3,0,2215.7
10,0.0,6,3.6,7.8,2,0,1504.71
3,3.0,6,7.5,11.4,2,1,1624.41
9,8.9,4,7.6,10.7,1,1,2010.4
3,3.8,6,1.9,11.8,2,0,1430.26
9,1.2,4,5.0,7.3,3,0,1604.44
5,4.3,1,3.8,9.9,3,0,1446.05
13,3.2,5,7.0,10.4,3,0,2006.42
10,10.1,2,2.2,8.5,1,0,1889.67
5,3.8,4,0.0,5.4,2,0,1300.69
3,9.5,2,1.3,6.7,1,0,1478.94
10,10.7,1,2.8,10.6,3,0,2079.36
5,5.2,5,2.5,5.0,2,0,1491.71
4,10.9,1,6.3,11.2,3,1,1960.99
3,4.5,6,5.4,4.3,2,0,1435.91
5,11.6,2,2.4,9.5,2,0,1823.51
4,1.1,7,3.7,8.3,1,1,1316.25
4,8.2,5,0.8,9.5,2,1,1736.25
8,5.9,6,7.2,6.4,3,1,1992.59
14,4.7,5,7.5,11.3,2,1,2126.15
3,7.6,6,7.8,8.3,3,1,1940.79
4,8.4,1,6.9,4.9,1,1,1639.35
8,0.1,4,1.4,8.4,3,0,1392.68
5,2.0,2,0.4,4.9,2,1,1303.99
6,8.6,3,4.6,4.9,3,1,1951.17
3,8.0,3,7.3,6.0,3,1,1810.84
10,11.6,1,1.4,10.5,2,0,2024.44
9,9.1,2,0.1,7.0,3,1,1990.1
9,11.4,2,6.4,8.8,2,0,2026.12
5,8.4,1,0.6,5.9,1,1,1533.2
12,3.6,2,3.3,4.6,3,1,1840.38
12,1.3,4,5.4,11.5,1,0,1579.56
5,9.4,1,1.9,8.0,3,0,1746.32
4,7.7,4,0.7,11.3,3,1,1763.59
14,0.6,2,6.2,4.0,1,0,1436.2
3,4.3,1,5.0,3.5,3,0,1284.15
9,11.5,2,7.9,10.6,3,1,2329.4
9,6.0,1,2.8,8.8,1,1,1624.66
14,5.2,2,0.5,3.9,3,1,1967.4
4,5.5,4,5.9,4.7,2,0,1515.19
9,2.5,7,4.2,10.0,3,1,1931.09
10,4.4,4,1.7,6.5,3,1,1894.78
3,4.4,2,6.3,8.7,3,0,1435.94
11,0.6,1,1.6,5.2,1,0,1197.11
9,9.2,3,2.1,5.8,2,1,1950.44
5,5.0,4,0.7,11.9,2,0,1529.71
10,9.9,4,3.2,4.5,3,1,2173.91
9,10.2,6,3.4,7.1,1,0,1962.67
13,2.5,3,4.1,10.4,1,1,1731.89
10,7.9,2,5.7,4.4,2,0,1876.84
8,5.7,7,7.2,6.2,1,0,1710.57
11,10.6,1,1.1,8.2,3,0,2056.2
7,2.6,6,0.4,6.8,3,0,1573.05
5,8.1,2,0.1,6.6,1,1,1627.25
5,7.3,5,1.1,5.6,3,0,1674.16
3,3.5,7,5.3,7.9,2,1,1609.02
14,1.6,4,5.8,8.2,3,0,1819.83
10,7.8,5,6.3,8.5,1,0,1939.71
4,8.9,4,1.9,2.7,2,1,1772.48
5,3.8,4,2.4,8.3,3,0,1479.11
10,7.7,5,3.9,11.5,2,0,1994.8
10,4.7,7,0.5,7.4,1,1,1818.2
13,8.6,5,4.9,9.2,3,0,2235.77
6,2.4,2,7.9,7.6,3,1,1623.83
6,10.7,6,2.9,10.5,2,0,1998.2
7,3.4,6,6.0,11.3,3,0,1802.89
8,4.4,5,4.0,3.8,3,0,1627.47
7,0.7,2,1.0,6.4,3,1,1410.12
9,1.3,6,4.7,5.9,3,0,1580.89
4,6.2,2,2.4,6.1,1,0,1328.81
9,3.2,2,0.3,3.3,3,0,1458.51
12,10.0,4,5.1,10.1,2,0,2165.35
9,0.2,6,6.9,2.4,1,0,1343.78
3,4.5,6,2.8,7.3,2,0,1437.66
9,4.0,4,3.1,8.6,2,0,1656.22
7,0.2,5,7.1,4.1,2,0,1347.82
5,1.5,4,6.5,11.1,1,0,1338.12
5,5.0,6,5.7,10.4,1,1,1703.72
6,5.9,6,2.0,6.7,1,0,1601.42
14,4.9,7,7.3,6.1,3,1,2275.94
4,6.4,5,1.2,4.4,2,1,1611.55
4,7.1,4,5.0,9.3,1,1,1610.04
3,0.1,1,0.2,3.3,2,0,875.75
7,5.6,1,5.1,8.8,1,1,1587.16
6,11.6,5,2.2,10.4,1,1,2012.71
13,6.2,4,3.6,4.3,1,1,1993.86
12,8.1,4,2.8,10.7,2,0,2018.59
4,3.7,2,1.4,2.3,3,1,1361.75
5,9.3,6,5.0,11.1,1,0,1826.14
9,9.3,3,7.1,3.2,1,1,1962.39
9,6.3,7,7.7,8.5,1,1,1964.83
14,11.7,5,1.5,4.5,3,0,2421.83
6,1.5,3,5.7,10.4,2,0,1315.5
7,0.2,3,5.3,7.1,2,1,1450.08
7,9.2,5,2.7,3.4,2,1,1922.67
8,9.7,4,0.2,7.7,2,1,1949.49
11,1.4,5,5.5,6.1,1,0,1588.21
4,3.2,3,7.6,8.6,3,0,1509.1
7,0.2,6,5.1,10.8,1,1,1459.45
14,3.5,7,3.5,6.1,3,1,2101.64
5,9.3,7,4.2,4.9,2,0,1850.66
6,6.2,6,1.6,2.1,3,0,1662.14
12,4.2,6,6.0,7.7,1,1,1951.39
8,4.5,4,6.0,6.0,1,0,1542.63
14,0.0,1,1.2,5.7,2,1,1585.53
10,3.6,5,7.0,3.8,1,0,1608.84
3,7.8,7,2.2,6.3,1,1,1699.3
12,11.7,6,7.9,11.8,3,1,2666.17
10,10.2,5,3.1,5.0,1,1,2113.23
13,0.3,7,1.4,8.0,2,0,1663.93
9,10.8,6,2.8,9.8,2,1,2205.0
3,9.4,7,3.5,9.5,1,1,1825.82
4,9.4,4,0.6,5.3,2,0,1637.62
5,5.5,1,4.6,8.1,3,1,1642.8
3,4.8,1,4.8,10.7,3,1,1540.6
11,3.6,6,5.9,2.2,1,1,1768.84
10,0.8,7,0.2,6.4,1,0,1383.9
4,2.7,4,4.3,4.2,3,0,1344.48
11,3.0,2,0.4,5.9,2,0,1452.17
9,5.8,5,5.6,6.2,1,0,1707.61
11,9.0,5,0.4,9.5,1,1,2051.44
8,5.7,3,7.3,2.9,2,0,1643.46
8,0.7,4,5.6,7.1,1,0,1347.83
13,11.5,7,4.1,7.6,2,0,2335.04
6,11.3,3,3.5,6.9,2,1,2010.23
12,9.4,6,1.0,9.3,2,1,2245.22
12,11.9,7,2.3,5.8,2,1,2387.78
4,6.5,3,7.0,11.4,2,0,1603.02
9,11.6,1,7.2,6.8,3,1,2220.12
7,0.9,5,0.0,7.7,2,1,1443.98
13,4.4,7,4.8,10.3,3,0,2091.8
8,2.7,3,5.8,4.8,2,1,1576.21
4,2.3,1,4.9,2.8,1,0,1043.44
7,1.7,4,0.7,9.1,3,0,1452.92
12,7.5,3,1.7,6.8,1,1,1867.65
6,9.4,6,2.0,11.0,2,0,1893.03
11,6.9,6,6.7,11.8,2,0,2108.05
8,1.8,6,3.7,6.0,1,0,1385.48
4,9.7,7,3.9,6.2,2,0,1826.29
3,7.6,5,7.5,6.1,1,0,1594.94
7,4.7,3,5.1,5.2,2,0,1558.84
11,8.1,4,7.2,9.8,2,1,2170.06
8,3.1,3,3.7,9.6,3,0,1601.04
12,4.1,5,1.2,6.8,1,0,1617.13
14,11.0,1,7.4,2.4,2,0,2181.73
9,3.5,5,3.7,5.1,1,0,1467.5
7,5.6,6,1.5,4.9,3,1,1774.84
12,10.7,7,2.4,10.1,1,1,2331.64
8,8.5,1,0.4,2.9,3,0,1728.61
7,0.7,7,3.7,10.1,1,1,1526.19
13,1.8,6,6.8,8.7,1,0,1697.7
11,0.1,2,7.5,9.3,3,0,1601.59
8,7.6,5,7.5,6.3,2,0,1868.43
13,5.4,5,1.0,8.8,2,0,1877.78
10,1.6,4,3.1,8.1,2,1,1668.21
4,11.5,3,0.2,9.7,1,1,1800.51
14,6.4,1,6.8,6.5,1,0,1818.51
11,2.9,7,2.9,6.7,2,0,1685.63
7,6.0,1,5.0,8.4,1,1,1621.62
9,8.2,4,5.7,3.1,1,1,1918.58
12,0.9,4,3.4,6.4,2,0,1528.51
3,3.3,7,2.5,11.7,3,1,1674.07
12,9.7,3,7.7,2.4,1,0,1956.12
7,5.5,7,7.7,5.2,1,1,1823.48
14,6.6,7,2.3,5.1,1,1,2084.59
12,5.2,6,3.8,8.3,1,1,1948.04
4,0.5,3,7.8,3.1,3,1,1361.68
14,2.0,5,0.0,8.3,2,0,1715.33
8,5.3,6,3.3,3.0,1,0,1555.47
13,2.5,2,0.8,2.9,2,1,1641.79
3,0.6,3,4.1,9.3,1,0,1005.87
5,10.1,4,0.2,5.2,3,1,1903.84
7,11.8,6,3.3,11.8,2,1,2218.24
6,9.5,3,1.8,2.4,3,0,1785.58
5,10.2,1,4.3,6.5,1,0,1635.27
12,2.9,7,8.0,3.1,3,0,1891.96
7,11.5,2,6.4,5.5,3,1,2141.27
13,2.4,5,6.8,12.0,1,0,1810.99
10,11.4,7,5.1,10.9,1,0,2195.53
13,11.9,1,0.3,2.5,2,0,2033.29
6,8.5,1,1.7,7.6,1,0,1476.41
3,11.8,2,7.4,8.5,2,1,1922.58
13,6.8,5,2.9,4.1,3,1,2132.61
9,3.1,4,0.8,3.5,3,1,1736.74
10,5.2,6,5.6,11.0,2,1,1979.35
5,7.1,5,2.4,11.7,1,1,1721.13
8,0.9,3,2.2,11.9,1,1,1422.52
4,7.5,1,8.0,9.9,3,1,1851.0
9,11.8,3,6.9,8.6,2,0,2125.64
10,2.3,4,3.3,5.5,3,1,1728.09
8,9.5,3,7.8,3.7,3,1,2092.5
8,10.9,5,5.2,2.8,1,1,2036.89
7,11.3,3,5.9,8.9,2,1,2090.47
10,11.5,4,0.3,9.8,3,0,2139.87
3,6.3,4,1.0,10.3,1,1,1489.28
12,11.7,4,5.1,11.1,3,1,2457.27
6,9.1,5,7.2,10.8,3,0,2075.72
6,1.9,4,5.0,12.0,1,1,1485.9
5,5.7,1,1.1,4.4,1,1,1433.23
5,8.6,7,0.9,9.6,2,1,1931.96
6,3.0,4,6.8,7.9,3,1,1742.94
13,7.7,3,1.1,4.6,2,1,2038.02
3,8.0,6,4.2,11.8,1,1,1773.99
13,2.0,3,0.3,11.0,1,1,1593.39
13,6.8,6,0.6,3.3,3,0,1995.97
4,9.3,3,5.4,2.3,2,0,1648.91
11,6.0,5,5.5,8.9,2,1,2037.64
12,0.1,3,2.7,8.0,3,0,1563.31
4,0.1,5,1.7,11.4,3,1,1431.99
7,4.3,5,6.5,4.3,2,0,1611.43
11,11.1,4,1.7,2.8,1,1,2101.15
11,2.7,1,4.3,4.6,1,0,1434.67
10,7.6,6,7.7,2.2,3,1,2207.12
3,2.7,4,1.2,2.4,2,0,1203.77
3,3.9,4,7.5,11.1,2,0,1462.44
11,10.2,7,1.5,5.5,2,1,2307.45
13,8.7,5,4.5,6.1,1,1,2186.98
10,1.1,5,3.0,2.2,1,0,1337.19
12,5.1,6,7.7,4.7,2,0,1942.78
11,0.4,3,2.2,10.0,2,1,1528.32
9,5.8,3,3.2,8.2,3,0,1733.77
5,7.9,4,7.9,9.5,3,1,1970.22
5,1.4,2,4.3,6.5,2,0,1188.14
4,3.5,2,4.0,5.1,2,0,1258.4
7,4.8,3,2.1,6.8,1,1,1547.25
14,11.0,2,5.6,5.2,2,1,2359.96
14,11.9,7,0.1,10.4,3,1,2640.75
5,0.5,3,0.4,5.0,1,0,1029.6
8,9.1,5,4.8,8.6,3,0,2007.99
4,4.5,4,2.7,3.4,3,0,1432.68
14,4.7,1,7.6,8.9,1,1,1919.72
5,9.1,4,7.2,11.1,3,0,1919.02
7,11.0,3,5.7,8.1,2,0,1921.79
14,11.4,7,6.5,7.6,3,1,2671.97
13,6.9,3,5.3,11.6,1,0,1927.15
13,4.3,4,1.0,8.3,1,0,1684.27
3,9.5,7,6.1,4.6,1,1,1858.29
3,3.0,7,1.7,4.9,3,1,1572.06
12,6.8,7,2.6,9.1,2,1,2202.43
11,4.3,6,6.6,9.4,1,1,1885.06
9,7.9,3,4.3,5.0,2,1,1934.29
3,2.9,2,6.9,5.5,1,1,1279.77
14,2.3,2,1.7,11.9,2,1,1821.55
10,11.0,3,4.9,3.0,2,1,2105.17
5,1.2,3,0.7,6.0,2,1,1244.53
10,6.1,6,5.1,2.6,1,0,1737.79
7,2.7,2,6.1,10.2,3,1,1643.92
3,0.5,3,4.7,2.9,3,1,1307.55
9,0.4,3,2.1,8.7,3,0,1401.18
7,2.1,6,0.3,2.6,2,1,1445.05
8,10.4,6,1.0,8.7,1,0,1893.9
8,3.4,4,5.0,10.4,2,0,1552.66
10,11.4,6,7.5,6.0,1,1,2311.28
11,7.0,1,1.7,7.2,2,0,1741.51
4,5.2,2,5.9,6.0,1,1,1432.12
11,7.0,4,6.9,5.0,1,1,1963.24
14,6.2,1,4.2,10.0,1,0,1849.12
13,9.1,3,5.4,4.7,2,0,2075.81
12,3.4,3,6.5,9.2,3,0,1844.36
11,4.2,4,2.1,4.1,2,1,1744.5
12,10.7,6,2.4,4.5,2,1,2308.13
12,11.4,7,0.0,5.4,1,0,2166.3
9,10.7,7,7.7,7.9,1,1,2228.81
3,5.0,3,7.3,6.5,3,1,1613.94
9,9.4,7,6.1,9.5,3,0,2213.24
12,5.7,5,0.6,4.1,1,0,1707.08
7,6.0,4,3.6,2.1,3,0,1638.51
8,2.5,1,0.8,9.8,3,0,1431.92
12,7.1,4,0.1,10.2,1,0,1873.85
9,2.2,2,4.9,2.6,2,0,1365.97
7,4.0,6,7.7,8.1,3,0,1750.08
9,10.3,6,7.2,5.8,1,0,1993.74
11,2.5,4,5.6,9.9,3,0,1748.79
5,0.9,3,0.8,10.7,3,0,1283.44
10,0.8,3,2.2,10.5,1,1,1492.05
4,11.3,5,2.6,9.8,3,1,2126.66
13,6.1,5,6.1,4.7,3,0,2068.3
9,4.9,6,6.4,10.1,3,1,2014.87
4,9.7,5,3.1,7.3,2,1,1926.6
6,10.0,1,3.3,2.5,2,1,1732.34
9,4.0,5,0.4,6.6,3,1,1816.6
5,8.3,1,2.3,11.4,1,1,1615.4
4,9.3,5,3.6,10.9,3,1,1997.07
13,7.9,6,0.9,3.0,3,0,2108.09
12,1.8,6,3.6,9.4,2,0,1667.44
9,10.5,1,6.8,10.1,2,1,2117.85
3,6.5,4,4.7,4.7,2,1,1612.55
10,3.4,6,0.6,6.7,3,0,1769.07
5,5.1,4,1.5,9.1,3,1,1778.65
14,0.5,3,3.8,6.4,1,1,1573.61
14,1.5,1,2.9,3.1,3,1,1776.91
4,9.2,7,2.9,9.1,3,1,2027.26
5,0.0,6,4.2,11.1,2,1,1419.54
7,5.0,2,4.7,8.5,2,0,1562.67
13,6.3,3,6.4,9.7,2,0,1940.53
10,0.7,4,2.7,5.6,2,1,1510.52
12,11.7,6,6.4,3.8,2,0,2240.75
9,2.7,1,2.7,8.4,1,1,1477.78
9,3.7,7,0.4,5.3,1,1,1662.61
14,3.6,5,4.4,10.6,1,1,1912.97
9,2.8,7,4.7,3.2,2,1,1786.71
10,0.0,2,7.5,6.3,2,1,1510.71
3,8.8,4,5.8,6.0,2,1,1817.89
6,11.6,3,7.3,11.4,1,1,2052.86
8,2.7,7,7.3,3.5,2,1,1720.11
11,8.0,1,4.8,2.1,1,1,1828.15
4,8.9,2,4.2,4.4,2,0,1554.79
3,10.2,1,4.5,10.2,3,1,1881.9
12,5.1,6,7.8,4.1,1,0,1836.52
14,3.6,5,6.2,4.4,3,0,1971.22
4,3.9,3,0.9,3.3,1,1,1311.17
9,8.6,1,6.2,9.2,2,0,1861.47
5,9.8,4,1.4,2.7,2,1,1766.31
12,2.2,6,3.6,5.3,3,1,1928.37
4,4.5,6,1.7,4.8,2,1,1548.64
13,10.8,3,5.5,7.6,1,1,2181.38
9,9.7,6,7.0,9.3,2,0,2123.89
4,11.8,4,2.3,7.3,2,0,1848.55
5,9.1,1,0.7,11.3,1,1,1653.45
13,4.7,3,2.4,11.5,3,0,1917.26
9,7.1,6,5.4,5.6,3,0,1957.54
6,7.9,6,2.6,9.8,2,0,1810.88
3,0.9,4,2.2,9.4,1,1,1195.6
7,6.5,5,1.5,10.9,3,0,1780.55
14,8.5,5,4.0,6.5,3,0,2283.54
11,2.0,7,2.2,7.3,2,0,1647.23
10,9.4,6,5.8,6.2,1,1,2031.6
14,7.0,1,0.6,10.5,3,0,1977.68
11,11.4,3,5.3,4.3,2,0,2141.93
12,0.5,6,1.9,4.4,2,1,1660.8
11,3.2,2,3.9,5.7,2,0,1526.56
9,7.2,3,2.3,4.3,2,1,1804.16
6,3.6,7,5.8,7.6,3,1,1784.17
7,8.6,5,7.6,3.3,1,1,1875.14
3,9.1,6,7.3,5.2,2,1,1876.95
3,1.2,4,4.7,11.1,2,1,1379.62
5,6.2,2,3.7,6.1,3,1,1700.65
10,6.1,6,6.5,9.5,2,0,1942.29
4,4.4,7,5.5,3.1,2,1,1678.58
6,11.2,1,1.5,4.5,1,0,1673.82
4,9.9,2,6.6,10.1,2,0,1787.18
7,8.4,7,3.4,9.6,3,1,2076.01
11,8.6,6,1.5,5.9,1,0,1886.25
3,5.5,1,2.3,11.5,3,0,1401.49
7,11.1,2,2.1,11.1,1,0,1788.93
11,8.3,1,4.2,11.6,1,1,1976.65
3,8.7,1,1.9,6.3,2,0,1470.02
11,10.3,2,1.0,4.0,2,0,1961.17
10,3.3,2,1.0,8.3,2,1,1656.39
6,9.7,1,4.7,8.8,3,0,1848.71
14,2.3,7,5.9,3.3,2,0,1871.68
13,4.1,5,2.6,9.9,2,0,1892.53
12,4.0,2,0.3,2.2,1,1,1605.43
7,11.7,6,1.0,6.8,2,0,2013.5
7,10.3,3,7.3,5.3,2,0,1932.0
13,8.4,4,3.9,9.4,2,1,2169.8
14,8.7,1,3.6,5.1,2,1,2109.47
8,6.7,1,0.3,10.3,1,1,1635.28
9,11.4,4,5.8,7.9,2,0,2097.14
10,6.0,5,4.2,9.9,1,1,1865.72
10,4.6,4,1.6,11.9,3,1,1957.54
13,2.0,2,0.9,8.8,2,1,1701.9
4,9.4,4,3.1,11.8,2,0,1769.23
11,8.8,1,6.7,2.3,2,1,2048.94
9,4.6,4,6.9,5.4,1,1,1714.14
6,0.3,3,4.8,3.1,2,1,1304.94
6,10.1,6,5.8,4.6,2,1,2086.44
13,0.1,2,0.9,10.4,3,1,1647.28
10,8.4,4,4.7,2.3,1,0,1797.74
6,11.6,1,5.3,7.2,1,0,1750.67
8,5.3,7,1.6,7.7,3,1,1942.98
7,2.8,6,7.0,7.6,1,1,1637.36
5,8.5,2,1.6,6.8,2,1,1734.23
12,9.8,1,2.5,9.9,2,0,2037.59
13,6.6,5,5.0,3.3,3,0,2048.02
4,11.6,3,5.1,5.1,1,0,1718.29
11,0.6,5,5.6,8.2,1,0,1511.0
12,6.1,3,0.9,8.9,1,1,1870.63
11,8.6,4,6.8,6.0,3,1,2196.39
3,10.4,2,4.3,10.8,2,1,1845.42
12,2.2,4,3.8,6.2,3,1,1832.94
5,9.6,3,7.8,6.0,2,0,1801.01
10,6.6,3,5.9,2.4,3,1,1965.3
8,4.8,3,0.9,7.5,2,0,1517.52
7,1.6,6,6.1,9.1,1,0,1399.44
7,10.4,1,0.8,3.1,1,1,1731.07
8,1.9,2,0.2,5.1,1,0,1209.55
9,3.7,4,3.2,9.8,3,0,1694.11
3,3.5,4,7.9,5.7,3,1,1621.29
11,10.5,5,1.4,4.4,3,0,2221.75
5,8.1,3,5.4,8.7,1,0,1619.99
6,9.6,7,1.4,4.0,2,1,1962.96
12,3.0,3,5.8,11.0,1,0,1624.03
3,7.5,3,4.0,3.1,1,0,1400.3
13,6.9,7,5.4,9.1,2,1,2294.72
12,10.0,4,1.6,7.0,2,0,2131.25
5,10.9,5,6.0,10.7,2,1,2132.28
4,0.1,1,8.0,3.3,2,0,1109.9
4,8.1,7,5.3,8.8,1,0,1714.31
3,0.6,6,3.9,7.7,3,1,1402.14
10,6.6,2,7.4,6.8,1,1,1837.81
5,3.5,7,0.1,6.9,2,0,1438.12
5,3.7,1,5.8,9.2,3,1,1584.0
8,4.2,4,7.1,11.4,3,0,1765.02
10,7.5,6,0.5,2.9,1,1,1886.54
11,4.0,6,3.6,2.2,1,0,1617.98
11,8.8,6,1.6,10.1,1,0,1962.35
6,4.9,3,4.5,3.1,3,0,1535.72
7,0.8,2,5.2,11.9,3,0,1446.37
4,9.4,4,2.4,8.2,3,0,1840.5
13,3.4,4,3.7,8.5,2,1,1897.29
11,5.2,6,2.2,4.0,2,1,1913.05
10,8.2,4,3.0,4.4,1,0,1836.86
5,4.0,2,1.3,8.6,3,0,1467.7
13,0.7,2,7.1,11.1,1,1,1685.63
14,4.5,5,0.1,11.8,3,1,2124.77
11,11.3,7,7.1,4.0,1,1,2285.71
5,7.7,7,4.6,3.3,2,1,1833.37
11,8.1,5,2.7,2.6,3,1,2130.04
4,7.6,1,5.8,10.7,2,0,1588.8
14,2.4,7,4.1,4.9,3,0,1896.11
12,5.0,2,4.0,2.0,1,1,1737.1
11,9.0,2,0.9,4.2,3,1,2053.28
10,1.2,7,3.1,5.4,2,1,1721.42
11,3.3,2,1.9,11.9,3,1,1828.34
7,3.3,5,0.1,7.2,1,1,1481.88
13,5.2,6,2.9,4.0,3,1,2069.08
13,11.8,6,0.7,5.3,2,1,2354.36
4,0.8,4,2.1,5.3,1,1,1218.93
10,6.2,6,0.7,2.2,2,1,1879.07
14,2.2,3,0.8,3.4,3,0,1703.88
8,11.6,5,1.6,9.0,2,1,2215.82
10,1.4,2,8.0,3.2,3,1,1636.87
13,4.8,7,0.0,4.3,1,0,1779.74
7,8.9,6,5.1,5.5,2,0,1849.16
12,8.5,5,1.1,9.6,2,0,2026.87
4,5.1,6,7.4,7.8,3,1,1778.45
8,4.2,1,0.7,8.9,2,1,1592.16
7,4.8,2,7.6,7.7,2,1,1645.51
14,3.2,1,4.9,8.8,1,1,1753.9
14,2.5,2,0.0,2.0,3,0,1609.24
7,5.8,5,7.2,11.3,3,1,1967.56
3,3.2,4,4.2,3.1,1,1,1268.78
4,3.4,6,2.1,6.1,1,0,1334.57
10,7.9,6,6.1,9.7,3,1,2240.14
5,11.6,3,7.4,6.4,1,1,1997.82
12,7.2,7,3.9,11.5,1,1,2193.3
5,0.9,1,2.5,6.7,1,1,1212.81
10,0.9,6,6.3,10.7,3,0,1724.04
10,11.4,5,5.5,10.1,1,0,2125.51
4,3.6,4,7.1,11.8,2,0,1496.74
10,1.1,7,5.5,11.3,2,0,1664.58
13,7.2,5,1.9,11.0,3,1,2260.93
3,7.5,1,7.5,9.3,1,1,1548.54
8,7.8,3,0.8,5.7,2,1,1759.54
10,3.2,6,2.1,3.1,3,0,1718.42
5,0.2,5,4.2,8.9,2,0,1263.91
10,11.6,7,4.5,11.8,1,0,2174.3
14,3.0,2,0.1,9.3,3,1,1857.89
3,8.1,4,6.2,11.3,2,1,1853.65
13,8.5,7,2.9,10.0,3,0,2296.12
13,7.3,5,3.3,3.6,2,0,1934.93
11,3.8,4,6.5,4.5,2,1,1798.39
13,3.3,6,3.0,5.4,1,1,1813.04
11,7.2,2,0.4,3.7,1,1,1772.89
7,10.4,3,1.4,7.8,2,0,1818.96
12,11.4,7,7.6,11.8,3,0,2512.21
6,1.3,3,0.6,9.6,3,0,1352.44
13,1.9,2,2.8,6.2,1,0,1487.86
8,11.3,4,4.0,2.0,2,1,2002.15
14,8.8,6,3.9,5.1,1,1,2216.05
9,10.6,5,0.0,7.3,2,1,2051.61
7,2.4,2,4.0,5.2,2,0,1334.81
13,7.1,1,3.1,3.1,1,1,1833.96
12,8.4,4,7.8,6.4,3,1,2258.84
11,8.2,3,1.3,4.5,1,1,1904.7
5,4.9,7,2.8,11.1,2,1,1713.88
9,0.2,2,3.4,3.0,1,1,1278.51
12,7.0,3,3.1,2.5,3,0,1947.16
12,3.0,4,5.3,2.1,3,1,1854.05
13,5.4,3,1.7,5.3,2,1,1885.44
7,11.5,2,1.8,8.6,1,0,1792.56
9,4.8,4,5.8,9.3,3,0,1835.22
4,10.1,1,4.0,6.5,1,1,1724.39
6,2.3,2,3.3,8.8,3,1,1504.92
4,8.1,5,1.4,5.6,2,1,1707.75
14,11.7,6,1.5,8.7,2,1,2465.11
9,1.2,2,0.1,2.4,1,0,1174.5
4,0.1,4,0.7,5.9,2,1,1186.29
13,5.2,7,4.5,9.9,3,0,2132.46
3,1.1,6,7.1,10.0,2,1,1431.28
11,9.0,2,2.3,9.2,3,1,2089.77
3,11.0,1,2.6,4.0,3,1,1830.75
10,5.2,7,0.9,4.5,2,0,1776.63
4,3.1,1,3.1,12.0,3,1,1522.14
14,5.2,5,0.3,3.0,3,1,1988.64
10,8.7,7,7.3,3.8,1,0,1964.03
5,0.1,3,5.4,3.3,1,1,1175.27
8,7.1,7,7.9,5.3,1,0,1879.51
5,7.4,6,7.1,4.1,2,1,1851.22
9,7.7,7,3.8,7.0,1,0,1814.0
12,2.9,4,4.2,6.8,3,0,1790.1
11,8.6,4,1.5,11.0,2,0,2029.28
4,1.1,3,3.7,2.3,2,1,1278.1
14,2.4,7,7.2,5.2,2,0,1907.85
14,10.5,1,0.4,8.0,2,0,2086.08
7,8.9,1,6.9,8.0,3,1,1926.17
8,0.2,2,2.7,6.8,3,0,1342.97
6,3.0,5,7.2,10.2,1,1,1592.34
6,2.6,6,7.5,2.6,2,1,1597.4
6,3.2,5,5.4,10.2,1,0,1467.81
4,3.0,7,5.3,6.9,3,0,1547.92
6,0.8,5,3.6,3.3,2,1,1386.34
13,5.5,2,6.7,10.9,3,0,2037.57
3,8.8,5,7.7,8.5,1,0,1656.19
14,7.3,3,6.2,3.6,3,0,2099.74
8,8.1,2,5.0,2.3,2,0,1740.53
3,1.0,3,4.9,3.4,2,1,1198.68
12,11.4,7,6.8,8.1,1,1,2365.02
8,10.1,2,4.3,3.8,2,0,1879.74
3,9.7,7,6.4,4.3,3,1,2001.02
8,9.9,7,4.1,2.3,3,0,2091.17
12,11.2,5,0.5,9.2,3,0,2223.14
10,6.5,3,3.1,10.1,3,0,1816.91
13,2.4,7,3.6,10.0,1,0,1759.73
4,7.4,3,1.1,3.3,3,1,1674.57
4,8.9,3,0.8,11.0,1,0,1566.61
14,8.9,2,4.3,8.7,3,1,2362.04
6,6.3,4,0.7,11.0,1,0,1485.48
13,0.8,5,2.4,6.5,3,1,1820.35
5,4.5,7,6.0,6.4,3,1,1859.12
6,11.0,3,7.7,9.8,1,1,1968.41
14,7.0,6,5.7,2.9,2,1,2179.86
9,6.5,4,7.9,7.2,2,0,1790.58
13,3.2,7,5.6,10.4,2,1,2114.74
3,4.4,6,2.4,10.3,1,0,1299.66
8,10.7,5,5.4,11.6,2,1,2237.36
5,8.0,5,5.6,9.0,2,1,1849.21
13,9.4,3,3.0,4.1,1,1,2035.67
12,5.5,3,0.1,2.2,2,0,1715.12
9,7.6,7,5.6,6.8,2,1,2066.12
12,3.0,2,0.2,7.1,2,0,1578.35
4,8.5,4,5.0,4.4,1,0,1604.2
4,5.1,7,1.3,3.2,1,0,1388.82
6,5.3,4,4.5,7.9,2,1,1730.48
3,7.8,3,4.0,9.6,2,1,1697.62
5,11.2,5,0.1,11.9,1,1,1930.41
11,0.8,3,2.9,9.6,2,1,1596.35
9,9.9,5,4.8,9.9,1,1,2147.07
9,3.5,7,6.8,8.2,2,1,1903.09
13,5.3,5,7.1,11.9,1,1,2074.25
6,0.3,3,3.9,8.4,3,0,1357.11
4,3.6,1,5.8,10.6,3,1,1532.28
6,6.0,4,2.5,11.5,1,0,1570.93
8,0.7,6,2.7,11.3,3,0,1612.88
13,5.9,5,1.6,5.8,2,1,1970.98
13,11.1,5,4.5,2.8,1,1,2266.85
5,1.3,1,2.5,3.7,1,0,1019.28
3,9.2,7,0.7,2.6,2,0,1640.22
14,4.9,7,5.5,3.1,2,1,2072.4
10,7.9,7,5.7,3.8,1,0,1938.76
14,3.1,6,2.9,5.4,2,0,1829.24
7,1.9,2,0.6,7.4,1,0,1182.39
7,1.9,1,3.4,9.1,2,0,1330.67
13,0.8,6,3.5,4.1,1,1,1661.38
6,2.2,1,5.3,8.7,2,1,1415.68
8,8.0,5,2.5,9.0,2,0,1851.87
5,10.6,4,5.5,7.6,3,0,1960.36
11,9.8,1,7.0,11.0,3,0,2092.77
7,8.2,2,1.9,3.1,3,1,1819.51
5,1.3,3,7.8,3.8,2,1,1356.07
13,3.5,6,3.1,6.3,1,0,1676.86
3,3.7,1,2.1,3.3,2,0,1163.43
12,3.0,1,3.4,7.7,3,0,1658.54
14,6.2,2,0.8,6.0,2,1,1989.64
8,6.4,4,1.0,4.8,3,0,1674.74
4,4.3,1,3.3,3.7,3,0,1337.87
5,4.2,1,6.1,5.4,1,0,1258.12
3,9.9,4,7.2,8.1,1,0,1638.46
11,9.5,2,5.3,7.8,3,0,2094.15
10,3.7,6,0.8,3.6,3,1,1784.88
14,11.0,6,5.4,3.2,2,1,2442.28
4,11.4,1,5.1,2.3,3,1,1930.02
14,3.9,4,6.4,2.1,2,0,1832.43
13,4.3,1,6.6,10.8,3,1,2028.22
10,6.1,7,6.9,2.5,1,0,1836.14
14,11.3,3,3.3,9.3,1,1,2293.2
11,10.5,6,5.6,10.7,3,1,2429.42
3,1.2,7,2.1,3.0,2,0,1187.53
7,4.7,5,8.0,6.4,2,0,1655.18
10,6.6,3,1.4,11.6,2,0,1764.1
13,6.0,1,0.1,10.3,3,1,2018.93
4,2.3,2,1.2,6.9,3,0,1278.21
6,10.3,6,6.2,9.6,1,1,1984.85
9,8.1,5,3.6,10.3,1,1,1939.61
5,10.1,3,3.6,5.5,3,1,1924.04
14,10.3,6,7.6,10.9,1,0,2325.12
7,9.0,4,7.4,6.7,2,0,1920.9
10,5.3,2,2.5,7.3,2,0,1664.05
14,7.3,3,1.7,12.0,3,1,2216.56
12,1.9,4,6.8,10.4,2,1,1831.63
5,8.1,7,7.2,5.6,3,0,1881.01
6,2.2,1,4.3,2.1,2,1,1300.12
11,8.3,4,5.0,8.3,3,1,2237.98
9,2.8,3,2.1,9.0,2,1,1667.12
3,1.4,3,6.4,8.5,2,0,1199.76
14,2.0,7,5.1,11.7,1,1,1938.64
6,0.0,1,4.0,10.6,1,1,1235.82
6,8.6,4,0.5,6.5,1,0,1553.08
11,8.8,4,7.3,2.6,1,0,1884.14
8,6.2,1,4.9,6.8,1,0,1586.61
11,1.9,4,1.5,8.9,1,0,1444.07
14,1.0,6,4.9,8.1,3,0,1844.54
8,0.2,1,5.4,7.4,3,0,1344.91
8,2.0,2,4.2,6.7,1,1,1356.16
7,10.7,3,5.7,4.9,3,1,2115.88
7,2.9,2,4.7,4.8,1,1,1410.44
4,4.3,6,7.6,7.0,3,1,1764.23
10,1.3,7,0.4,3.6,2,0,1500.86
10,2.7,6,0.8,5.4,3,1,1777.4
13,6.2,5,1.4,5.2,3,0,1974.08
3,7.3,5,5.5,7.9,3,0,1696.79
10,2.9,5,5.2,2.7,2,1,1695.34
7,0.7,1,7.1,10.3,1,1,1328.39
4,4.7,4,5.9,7.6,3,0,1540.24
4,2.8,6,4.1,8.7,3,0,1523.4
8,2.6,2,7.9,9.0,2,0,1525.38
13,11.5,7,2.1,4.9,1,0,2207.41
11,7.4,2,6.7,6.7,3,1,2158.27
3,6.7,2,3.4,11.6,2,0,1459.63
14,5.0,2,5.2,9.7,1,1,1953.56
8,5.1,7,5.8,11.7,1,0,1738.0
11,6.5,5,5.1,9.5,3,0,2040.51
10,8.4,2,1.1,3.8,3,0,1879.53
13,8.4,7,3.5,2.6,3,1,2303.87
8,2.1,7,4.5,7.8,3,0,1643.9
5,6.0,4,6.8,5.6,2,1,1687.85
10,4.9,7,3.5,4.8,2,1,1846.41
11,10.4,5,7.3,10.1,3,1,2454.8
3,7.6,2,3.5,5.7,1,0,1399.88
14,6.4,7,4.4,5.2,3,1,2338.11
11,1.4,1,6.4,10.5,1,1,1577.65
8,7.3,7,4.7,10.5,1,0,1863.26
8,1.4,3,7.7,5.6,1,0,1342.35
14,4.0,3,5.3,10.3,2,1,2007.95
6,1.7,3,4.2,10.5,1,1,1421.29
3,8.3,7,0.2,6.2,1,0,1551.44
12,2.5,5,3.3,2.7,2,1,1741.16
10,4.7,2,2.4,2.0,1,1,1572.59
4,10.7,6,6.0,7.2,1,1,1958.96
14,2.5,6,1.7,5.4,3,0,1840.66
3,6.1,6,1.6,12.0,1,1,1620.47
4,5.0,5,1.5,9.7,1,0,1445.66
3,0.2,4,1.0,9.6,1,0,1037.24
3,9.5,1,2.5,11.6,1,0,1536.61
11,0.8,1,7.1,10.9,1,1,1557.03
3,5.7,3,6.2,5.2,2,0,1412.69
6,6.7,3,5.9,3.7,1,1,1611.57
12,7.5,7,6.4,9.5,1,0,2027.87
8,8.3,6,2.2,5.8,2,1,1993.84
9,3.0,7,7.1,6.7,2,1,1826.52
4,0.1,6,1.1,8.3,1,1,1224.53
8,8.7,3,2.7,11.1,1,0,1771.36
9,6.4,2,4.7,6.2,1,1,1702.79
12,10.0,4,0.8,9.8,3,1,2286.94
12,9.9,7,5.8,4.7,3,0,2319.49
4,10.1,4,3.1,9.0,1,0,1671.07
4,5.8,4,6.3,2.0,2,1,1599.48
12,4.0,4,3.9,10.7,1,0,1677.62
9,9.5,3,1.4,2.3,2,0,1807.28
14,5.4,1,5.9,9.1,2,0,1933.97
3,2.2,3,2.0,2.5,2,1,1224.61
10,10.3,4,3.9,4.7,1,0,1890.19
13,10.6,3,0.6,7.0,1,1,2159.54
5,5.6,4,4.9,6.2,2,0,1559.3
13,0.9,5,5.3,3.9,3,0,1732.58
8,4.7,6,3.0,5.3,3,1,1820.04
11,9.6,1,7.6,9.3,3,0,2089.1
8,10.8,5,7.0,8.7,2,0,2047.28
11,2.4,2,5.7,2.7,1,0,1446.95
9,0.8,3,5.7,9.5,2,0,1485.2
11,10.5,2,2.0,2.5,3,1,2164.96
4,4.7,7,5.3,7.4,1,1,1659.7
14,6.5,3,1.6,4.6,2,1,1995.74
10,11.6,6,1.2,7.9,2,1,2262.69
10,0.8,5,8.0,4.6,3,1,1765.4
4,7.8,6,5.0,11.8,2,1,1882.72
14,0.9,7,3.4,5.1,1,1,1776.36
6,4.5,4,2.3,4.4,3,0,1525.01
13,9.6,6,4.8,4.8,3,1,2363.16
9,5.2,6,0.4,11.0,1,1,1722.52
13,12.0,4,0.8,8.4,3,1,2464.62
6,6.7,3,0.3,9.3,2,0,1558.22
6,3.9,4,4.0,11.2,2,1,1615.31
8,2.6,5,4.8,11.1,3,1,1782.03
12,4.2,6,0.5,9.4,1,1,1892.38
8,4.5,4,5.8,4.0,2,0,1569.07
12,0.8,7,1.8,10.4,1,1,1722.02
5,4.4,7,5.5,4.0,2,0,1573.63
11,5.6,6,7.9,9.4,2,0,2016.24
14,8.7,5,5.5,8.9,3,0,2299.11
12,7.9,2,7.1,9.6,3,0,2050.19
13,8.5,5,7.6,7.3,1,1,2234.18
4,0.1,1,3.9,8.4,3,0,1154.51
8,2.6,1,5.6,11.5,2,0,1508.03
14,7.9,1,6.8,3.0,2,1,2121.88
9,5.8,6,2.9,5.1,1,0,1696.28
14,0.1,7,2.1,8.1,1,0,1677.05
11,9.7,3,7.6,11.6,2,0,2146.46
5,9.3,7,5.8,3.0,3,0,1981.69
12,6.6,3,1.8,2.2,3,0,1857.65
5,0.8,3,3.6,2.6,1,0,1080.22
9,9.2,7,6.4,2.5,1,1,2042.13
6,7.0,6,4.4,11.1,2,1,1926.78
10,9.4,5,5.2,9.2,2,1,2204.24
9,9.0,3,6.0,8.8,1,1,1911.78
7,9.6,2,5.0,7.2,2,0,1799.05
9,6.2,7,4.3,9.8,1,0,1813.91
5,1.7,7,6.0,3.6,1,0,1245.48
14,8.1,1,5.8,5.9,3,1,2213.32
